episode,source_id,delivered,hops,total_reward,epsilon
1,41,False,30,-1.849044,0.100000
2,39,False,30,-1.616186,0.099500
3,17,False,30,-1.569812,0.099003
4,43,True,8,0.890796,0.098507
5,4,False,10,-1.490222,0.098015
6,31,True,9,0.781390,0.097525
7,38,True,10,0.843904,0.097037
8,40,True,14,0.534724,0.096552
9,40,True,5,1.128935,0.096069
10,48,True,3,1.109004,0.095589
11,44,True,9,1.001585,0.095111
12,36,True,1,1.028687,0.094635
13,45,True,5,1.153215,0.094162
14,23,True,3,1.084862,0.093691
15,40,True,5,1.128935,0.093223
16,43,False,13,-1.680099,0.092757
17,12,True,3,1.071419,0.092293
18,28,True,5,1.128399,0.091832
19,24,True,8,0.970851,0.091372
20,40,True,5,1.128935,0.090916
21,44,True,8,0.991254,0.090461
22,2,True,5,1.037001,0.090009
23,10,True,3,1.063850,0.089559
24,12,False,7,-1.202474,0.089111
25,36,True,1,1.028687,0.088665
26,48,True,3,1.109004,0.088222
27,50,True,4,1.127226,0.087781
28,21,True,5,1.008067,0.087342
29,35,True,5,1.106081,0.086905
30,20,True,1,1.045076,0.086471
31,35,True,5,1.106081,0.086038
32,9,True,19,0.708116,0.085608
33,30,True,5,1.014393,0.085180
34,38,True,6,1.028791,0.084754
35,37,True,7,1.037050,0.084331
36,46,True,6,1.225643,0.083909
37,18,True,7,1.029756,0.083489
38,36,True,5,0.970588,0.083072
39,2,True,5,1.073814,0.082657
40,23,True,3,1.084862,0.082243
41,21,True,4,1.117678,0.081832
42,19,True,8,0.986929,0.081423
43,31,True,4,1.069905,0.081016
44,26,True,3,1.073613,0.080611
45,8,True,7,1.024183,0.080208
46,49,True,4,1.098777,0.079807
47,1,True,4,1.096368,0.079408
48,5,True,4,1.094506,0.079010
49,10,True,4,1.075822,0.078615
50,18,True,6,1.036060,0.078222
51,37,True,8,0.922122,0.077831
52,11,True,2,1.020729,0.077442
53,49,True,4,1.098777,0.077055
54,43,True,6,1.124780,0.076670
55,45,True,5,1.153215,0.076286
56,30,True,8,1.103989,0.075905
57,50,True,4,1.127226,0.075525
58,10,True,3,1.063850,0.075148
59,13,True,14,1.008898,0.074772
60,22,True,5,1.131678,0.074398
61,40,True,7,1.033773,0.074026
62,19,True,7,1.043327,0.073656
63,15,True,3,1.053862,0.073288
64,19,True,6,1.051496,0.072921
65,25,True,3,1.084093,0.072557
66,2,True,5,1.073814,0.072194
67,39,True,4,1.100679,0.071833
68,20,True,1,1.045076,0.071474
69,38,True,4,1.105579,0.071116
70,35,True,5,1.106081,0.070761
71,48,True,3,1.109004,0.070407
72,44,True,8,0.962899,0.070055
73,40,True,5,1.128935,0.069705
74,20,True,1,1.045076,0.069356
75,7,True,10,0.985438,0.069009
76,7,True,5,0.885538,0.068664
77,6,True,9,0.870180,0.068321
78,9,True,3,1.123711,0.067979
79,16,True,3,1.071668,0.067639
80,34,True,7,1.104114,0.067301
81,4,True,5,1.178257,0.066965
82,5,True,4,1.094506,0.066630
83,42,True,3,1.046514,0.066297
84,26,True,3,1.073613,0.065965
85,10,True,3,1.063850,0.065635
86,48,True,3,1.109004,0.065307
87,23,True,3,1.084862,0.064981
88,23,True,3,1.084862,0.064656
89,23,True,3,1.084862,0.064333
90,36,True,1,1.028687,0.064011
91,39,True,9,0.985617,0.063691
92,22,True,5,1.131678,0.063372
93,29,True,6,1.015731,0.063056
94,3,True,9,0.979859,0.062740
95,5,True,4,1.094506,0.062427
96,46,True,6,1.225643,0.062114
97,16,True,3,1.071668,0.061804
98,15,True,3,1.053862,0.061495
99,50,True,4,1.127226,0.061187
100,12,True,3,1.071419,0.060881
101,41,True,6,1.147114,0.060577
102,4,True,5,1.178257,0.060274
103,21,True,4,1.117678,0.059973
104,33,True,4,1.092254,0.059673
105,25,True,3,1.084093,0.059375
106,5,True,4,1.094506,0.059078
107,42,True,3,1.046514,0.058782
108,42,True,3,1.046514,0.058488
109,33,True,4,1.092254,0.058196
110,10,True,3,1.063850,0.057905
111,39,True,4,1.100679,0.057615
112,29,True,6,1.079719,0.057327
113,50,True,4,1.127226,0.057041
114,42,True,3,1.046514,0.056756
115,19,True,17,0.884155,0.056472
116,17,True,2,1.070467,0.056189
117,8,True,5,1.029549,0.055908
118,41,True,6,1.147114,0.055629
119,5,True,6,0.936961,0.055351
120,16,True,3,1.071668,0.055074
121,35,True,5,1.106081,0.054799
122,3,True,5,1.154076,0.054525
123,19,True,7,1.107314,0.054252
124,24,True,6,1.032766,0.053981
125,29,True,6,1.079719,0.053711
126,5,True,4,1.094506,0.053442
127,3,True,5,1.154076,0.053175
128,29,True,9,0.984727,0.052909
129,40,True,5,1.128935,0.052645
130,43,True,6,1.124780,0.052381
131,9,True,6,1.088488,0.052120
132,46,True,6,1.225643,0.051859
133,50,True,4,1.127226,0.051600
134,21,True,4,1.117678,0.051342
135,9,True,3,1.123711,0.051085
136,11,True,2,1.020729,0.050830
137,2,True,5,1.073814,0.050575
138,31,True,4,1.069905,0.050322
139,30,True,6,1.070211,0.050071
140,8,True,5,1.029549,0.049821
141,21,True,4,1.117678,0.049571
142,32,True,3,1.053046,0.049324
143,4,True,5,1.178257,0.049077
144,47,True,4,1.126014,0.048832
145,5,True,4,1.094506,0.048587
146,26,True,3,1.073613,0.048344
147,39,True,5,1.039420,0.048103
148,21,True,4,1.117678,0.047862
149,31,True,4,1.069905,0.047623
150,39,True,4,1.100679,0.047385
151,3,True,5,1.154076,0.047148
152,48,True,3,1.109004,0.046912
153,34,True,7,1.104114,0.046678
154,50,True,4,1.127226,0.046444
155,19,True,7,1.107314,0.046212
156,14,True,2,1.067718,0.045981
157,9,True,3,1.123711,0.045751
158,7,True,4,0.998982,0.045522
159,27,True,6,1.150846,0.045295
160,35,True,5,1.106081,0.045068
161,32,True,2,1.055840,0.044843
162,20,True,1,1.045076,0.044619
163,22,True,5,1.131678,0.044396
164,42,True,5,0.954249,0.044174
165,6,True,5,1.112036,0.043953
166,22,True,5,1.131678,0.043733
167,44,True,4,1.095060,0.043514
168,31,True,4,1.069905,0.043297
169,34,True,7,1.104114,0.043080
170,6,True,4,1.096971,0.042865
171,36,True,1,1.028687,0.042650
172,47,True,4,1.126014,0.042437
173,35,True,10,1.033199,0.042225
174,34,True,7,1.104114,0.042014
175,47,True,4,1.126014,0.041804
176,7,True,4,0.998982,0.041595
177,35,True,5,1.106081,0.041387
178,43,True,6,1.124780,0.041180
179,34,True,7,1.104114,0.040974
180,36,True,1,1.028687,0.040769
181,16,True,3,1.071668,0.040565
182,35,True,5,1.106081,0.040362
183,31,True,4,1.069905,0.040161
184,48,True,3,1.109004,0.039960
185,36,True,1,1.028687,0.039760
186,25,True,3,1.084093,0.039561
187,30,True,6,1.070211,0.039363
188,17,True,2,1.070467,0.039167
189,22,True,5,1.131678,0.038971
190,11,True,2,1.020729,0.038776
191,34,True,9,0.919687,0.038582
192,1,False,6,-1.094594,0.038389
193,34,True,6,1.059866,0.038197
194,45,True,5,1.153215,0.038006
195,45,True,5,1.153215,0.037816
196,18,True,8,0.910614,0.037627
197,37,True,6,1.080396,0.037439
198,15,True,3,1.053862,0.037252
199,2,True,5,1.073814,0.037066
200,16,True,3,1.071668,0.036880
201,48,True,3,1.109004,0.036696
202,24,True,6,1.032766,0.036512
203,25,True,3,1.081555,0.036330
204,37,True,6,1.080396,0.036148
205,24,True,6,1.032766,0.035967
206,22,True,5,1.131678,0.035788
207,19,True,7,1.107314,0.035609
208,47,True,4,1.126014,0.035431
209,44,True,4,1.095060,0.035253
210,38,True,4,1.105579,0.035077
211,43,True,6,1.124780,0.034902
212,17,True,2,1.070467,0.034727
213,30,True,6,1.070211,0.034554
214,30,True,14,0.836055,0.034381
215,29,True,6,1.015731,0.034209
216,43,True,6,1.124780,0.034038
217,44,True,4,1.095060,0.033868
218,39,True,4,1.100679,0.033698
219,19,True,7,1.107314,0.033530
220,32,True,2,1.055840,0.033362
221,19,True,5,0.992220,0.033195
222,50,True,4,1.127226,0.033029
223,7,True,4,0.998982,0.032864
224,29,True,6,1.079719,0.032700
225,4,True,5,1.178257,0.032536
226,9,True,3,1.123711,0.032374
227,45,True,5,1.153215,0.032212
228,29,True,6,1.079719,0.032051
229,47,True,4,1.126014,0.031891
230,18,True,5,1.050794,0.031731
231,2,True,5,1.073814,0.031572
232,11,True,2,1.020729,0.031415
233,17,True,2,1.070467,0.031258
234,47,True,4,1.126014,0.031101
235,9,True,5,1.111766,0.030946
236,6,True,4,1.096971,0.030791
237,42,True,3,1.046514,0.030637
238,29,True,6,1.079719,0.030484
239,23,True,3,1.084862,0.030331
240,16,True,3,1.071668,0.030180
241,14,True,2,1.067718,0.030029
242,42,True,3,1.046514,0.029879
243,34,True,6,1.059866,0.029729
244,1,True,4,1.096368,0.029581
245,6,True,4,1.096971,0.029433
246,35,True,5,1.106081,0.029286
247,30,True,6,1.070211,0.029139
248,11,True,2,1.020729,0.028994
249,50,True,4,1.127226,0.028849
250,32,True,2,1.055840,0.028704
251,24,True,6,1.032766,0.028561
252,12,True,3,1.071419,0.028418
253,27,True,6,1.150846,0.028276
254,30,True,5,1.039613,0.028135
255,30,True,8,0.868373,0.027994
256,48,True,3,1.109004,0.027854
257,10,True,3,1.063850,0.027715
258,45,True,5,1.153215,0.027576
259,28,True,4,1.113333,0.027438
260,21,True,4,1.117678,0.027301
261,29,True,6,1.079719,0.027164
262,46,True,6,1.225643,0.027029
263,2,True,5,1.073814,0.026893
264,50,True,4,1.127226,0.026759
265,5,True,4,1.063165,0.026625
266,8,True,5,1.029549,0.026492
267,23,True,3,1.084862,0.026360
268,40,True,5,1.128935,0.026228
269,13,True,5,1.100894,0.026097
270,25,True,3,1.084093,0.025966
271,4,True,5,1.178257,0.025836
272,49,True,4,1.098777,0.025707
273,48,True,3,1.109004,0.025579
274,37,True,11,1.046333,0.025451
275,50,True,4,1.127226,0.025324
276,20,True,1,1.045076,0.025197
277,47,True,4,1.126014,0.025071
278,25,True,3,1.084093,0.024946
279,50,True,4,1.127226,0.024821
280,32,True,2,1.055840,0.024697
281,11,True,2,1.020729,0.024573
282,29,True,6,1.079719,0.024450
283,32,True,2,1.055840,0.024328
284,31,True,4,1.069905,0.024206
285,17,True,2,1.070467,0.024085
286,11,True,2,1.020729,0.023965
287,46,True,6,1.225643,0.023845
288,16,True,3,1.071668,0.023726
289,1,True,4,1.096368,0.023607
290,6,True,4,1.096971,0.023489
291,12,True,3,1.071419,0.023372
292,30,True,6,1.070211,0.023255
293,36,True,1,1.028687,0.023139
294,34,True,6,1.059866,0.023023
295,12,True,3,1.071419,0.022908
296,6,True,4,1.096971,0.022793
297,6,True,4,1.096971,0.022679
298,8,True,5,1.029549,0.022566
299,25,True,3,1.084093,0.022453
300,3,True,5,1.154076,0.022341
301,20,True,1,1.045076,0.022229
302,45,True,5,1.153215,0.022118
303,13,True,5,1.100894,0.022007
304,12,True,3,1.071419,0.021897
305,24,True,6,1.032766,0.021788
306,38,True,4,1.105579,0.021679
307,4,True,5,1.178257,0.021571
308,31,True,4,1.069905,0.021463
309,28,True,4,1.113333,0.021355
310,33,True,4,1.092254,0.021249
311,18,True,5,1.050794,0.021142
312,47,True,4,1.126014,0.021037
313,38,True,4,1.105579,0.020932
314,33,True,4,1.092254,0.020827
315,47,True,4,1.126014,0.020723
316,27,True,6,1.150846,0.020619
317,34,True,6,1.059866,0.020516
318,22,True,10,0.806042,0.020413
319,35,True,10,0.935304,0.020311
320,30,True,8,1.069699,0.020210
321,38,True,4,1.105579,0.020109
322,39,True,4,1.100679,0.020008
323,8,True,5,1.029549,0.019908
324,40,True,5,1.128935,0.019809
325,50,True,4,1.127226,0.019710
326,45,True,5,1.153215,0.019611
327,50,True,4,1.127226,0.019513
328,7,True,4,0.998982,0.019415
329,7,True,5,1.002672,0.019318
330,47,True,4,1.126014,0.019222
331,45,True,5,1.153215,0.019126
332,37,True,6,1.080396,0.019030
333,17,True,2,1.070467,0.018935
334,43,True,9,1.029788,0.018840
335,18,True,5,1.050794,0.018746
336,6,True,4,1.096971,0.018652
337,3,True,5,1.154076,0.018559
338,4,True,5,1.178257,0.018466
339,1,True,4,1.096368,0.018374
340,9,True,3,1.123711,0.018282
341,14,True,2,1.067718,0.018191
342,49,True,4,1.098777,0.018100
343,34,True,6,1.059866,0.018009
344,33,True,4,1.092254,0.017919
345,9,True,3,1.123711,0.017830
346,13,True,5,1.100894,0.017740
347,36,True,1,1.028687,0.017652
348,44,True,4,1.095060,0.017563
349,4,True,5,1.178257,0.017476
350,14,True,2,1.067718,0.017388
351,7,True,4,0.998982,0.017301
352,25,True,6,0.943913,0.017215
353,50,True,4,1.127226,0.017129
354,48,True,3,1.109004,0.017043
355,11,True,19,0.404762,0.016958
356,25,True,3,1.084093,0.016873
357,32,True,2,1.055840,0.016789
358,7,True,4,0.998982,0.016705
359,7,True,4,0.998982,0.016621
360,3,True,5,1.154076,0.016538
361,28,True,4,1.113333,0.016455
362,45,True,5,1.153215,0.016373
363,25,True,3,1.084093,0.016291
364,35,True,5,1.106081,0.016210
365,37,True,6,1.080396,0.016129
366,43,True,6,1.124780,0.016048
367,22,True,5,1.131678,0.015968
368,45,True,5,1.153215,0.015888
369,18,True,5,1.050794,0.015809
370,12,True,3,1.071419,0.015730
371,17,True,2,1.070467,0.015651
372,33,True,4,1.092254,0.015573
373,42,True,3,1.046514,0.015495
374,26,True,3,1.073613,0.015417
375,29,True,6,1.079719,0.015340
376,43,True,6,1.124780,0.015264
377,38,True,4,1.105579,0.015187
378,15,True,3,1.053862,0.015111
379,39,True,7,0.943910,0.015036
380,31,True,4,1.069905,0.014961
381,9,True,3,1.123711,0.014886
382,4,True,5,1.178257,0.014811
383,29,True,6,1.079719,0.014737
384,30,True,6,1.070211,0.014664
385,35,True,5,1.106081,0.014590
386,3,True,5,1.154076,0.014517
387,31,True,4,1.069905,0.014445
388,37,True,6,1.080396,0.014372
389,37,True,6,1.080396,0.014301
390,37,True,6,1.080396,0.014229
391,11,True,2,1.020729,0.014158
392,31,True,4,1.069905,0.014087
393,26,True,3,1.073613,0.014017
394,41,True,6,1.147114,0.013947
395,18,True,5,1.050794,0.013877
396,47,True,4,1.126014,0.013808
397,37,True,7,0.991969,0.013739
398,37,True,6,1.080396,0.013670
399,21,True,4,1.117678,0.013601
400,26,True,3,1.073613,0.013533
401,14,True,2,1.067718,0.013466
402,32,True,2,1.055840,0.013398
403,14,True,2,1.067718,0.013331
404,10,True,3,1.063850,0.013265
405,31,True,4,1.069905,0.013199
406,4,True,5,1.178257,0.013133
407,45,True,5,1.153215,0.013067
408,12,True,3,1.071419,0.013002
409,28,True,4,1.113333,0.012937
410,7,True,4,0.998982,0.012872
411,12,True,3,1.071419,0.012807
412,17,True,2,1.070467,0.012743
413,4,True,5,1.178257,0.012680
414,23,True,3,1.084862,0.012616
415,50,True,4,1.127226,0.012553
416,40,True,5,1.128935,0.012490
417,15,True,3,1.053862,0.012428
418,50,True,4,1.127226,0.012366
419,47,True,4,1.126014,0.012304
420,31,True,4,1.069905,0.012243
421,20,True,1,1.045076,0.012181
422,29,True,6,1.079719,0.012120
423,36,True,1,1.028687,0.012060
424,38,True,4,1.105579,0.012000
425,29,True,6,1.079719,0.011940
426,49,True,4,1.098777,0.011880
427,27,True,6,1.150846,0.011820
428,19,True,7,1.107314,0.011761
429,10,True,3,1.063850,0.011702
430,46,True,6,1.225643,0.011644
431,45,True,5,1.153215,0.011586
432,25,True,3,1.084093,0.011528
433,16,True,3,1.071668,0.011470
434,31,True,4,1.069905,0.011413
435,17,True,2,1.070467,0.011356
436,43,True,6,1.124780,0.011299
437,38,True,4,1.105579,0.011243
438,6,True,4,1.096971,0.011186
439,9,True,3,1.123711,0.011130
440,47,True,4,1.126014,0.011075
441,36,True,1,1.028687,0.011019
442,13,True,5,1.100894,0.010964
443,35,True,5,1.106081,0.010909
444,21,True,4,1.117678,0.010855
445,27,True,6,1.150846,0.010801
446,37,True,6,1.080396,0.010747
447,30,True,6,1.070211,0.010693
448,14,True,2,1.067718,0.010639
449,35,True,5,1.106081,0.010586
450,44,True,4,1.095060,0.010533
451,35,True,5,1.106081,0.010481
452,47,True,4,1.126014,0.010428
453,29,True,7,0.987109,0.010376
454,36,True,1,1.028687,0.010324
455,7,True,4,0.998982,0.010273
456,6,True,4,1.096971,0.010221
457,39,True,4,1.100679,0.010170
458,23,True,3,1.084862,0.010119
459,48,True,3,1.109004,0.010069
460,21,True,4,1.117678,0.010018
461,15,True,3,1.053862,0.010000
462,36,True,1,1.028687,0.010000
463,26,True,3,1.073613,0.010000
464,26,True,3,1.073613,0.010000
465,50,True,4,1.127226,0.010000
466,39,True,4,1.100679,0.010000
467,3,True,5,1.154076,0.010000
468,19,True,7,1.107314,0.010000
469,25,True,3,1.084093,0.010000
470,4,True,5,1.178257,0.010000
471,15,True,3,1.053862,0.010000
472,12,True,3,1.071419,0.010000
473,22,True,5,1.131678,0.010000
474,25,True,3,1.084093,0.010000
475,26,True,3,1.073613,0.010000
476,28,True,4,1.113333,0.010000
477,9,True,3,1.123711,0.010000
478,21,True,4,1.117678,0.010000
479,27,True,6,1.150846,0.010000
480,44,True,4,1.095060,0.010000
481,12,True,3,1.071419,0.010000
482,27,True,6,1.150846,0.010000
483,45,True,5,1.153215,0.010000
484,40,True,5,1.128935,0.010000
485,48,True,3,1.109004,0.010000
486,26,True,3,1.073613,0.010000
487,45,True,5,1.153215,0.010000
488,29,True,6,1.079719,0.010000
489,41,True,6,1.147114,0.010000
490,12,True,3,1.071419,0.010000
491,19,True,8,1.110023,0.010000
492,6,True,4,1.096971,0.010000
493,4,True,5,1.178257,0.010000
494,12,True,3,1.071419,0.010000
495,3,True,5,1.154076,0.010000
496,8,True,5,1.029549,0.010000
497,31,True,4,1.069905,0.010000
498,34,True,5,1.015588,0.010000
499,30,True,6,1.070211,0.010000
500,45,True,5,1.153215,0.010000
501,12,True,3,1.071419,0.010000
502,42,True,3,1.046514,0.010000
503,48,True,3,1.109004,0.010000
504,14,True,2,1.067718,0.010000
505,5,True,4,1.094506,0.010000
506,12,True,3,1.071419,0.010000
507,27,True,6,1.150846,0.010000
508,33,True,4,1.092254,0.010000
509,50,True,4,1.127226,0.010000
510,1,True,4,1.096368,0.010000
511,2,True,5,1.073814,0.010000
512,18,True,5,1.050794,0.010000
513,37,True,6,1.080396,0.010000
514,6,True,4,1.096971,0.010000
515,46,True,6,1.225643,0.010000
516,31,True,4,1.069905,0.010000
517,21,True,4,1.117678,0.010000
518,50,True,4,1.127226,0.010000
519,20,True,1,1.045076,0.010000
520,38,True,4,1.105579,0.010000
521,28,True,4,1.113333,0.010000
522,8,True,5,1.029549,0.010000
523,44,True,4,1.095060,0.010000
524,49,True,4,1.098777,0.010000
525,20,True,1,1.045076,0.010000
526,28,True,4,1.113333,0.010000
527,4,True,6,1.017642,0.010000
528,26,True,3,1.073613,0.010000
529,24,True,6,1.032766,0.010000
530,6,True,4,1.096971,0.010000
531,25,True,3,1.084093,0.010000
532,46,True,6,1.225643,0.010000
533,10,True,3,1.063850,0.010000
534,16,True,3,1.071668,0.010000
535,35,True,5,1.106081,0.010000
536,45,True,5,1.153215,0.010000
537,48,True,3,1.109004,0.010000
538,17,True,2,1.070467,0.010000
539,1,True,4,1.096368,0.010000
540,45,True,5,1.153215,0.010000
541,50,True,4,1.127226,0.010000
542,49,True,4,1.098777,0.010000
543,25,True,3,1.084093,0.010000
544,1,True,4,1.096368,0.010000
545,28,True,4,1.113333,0.010000
546,30,True,6,1.070211,0.010000
547,34,True,6,1.059866,0.010000
548,46,True,6,1.225643,0.010000
549,41,True,6,1.147114,0.010000
550,17,True,2,1.070467,0.010000
551,40,True,5,1.128935,0.010000
552,5,True,4,1.094506,0.010000
553,3,True,5,1.154076,0.010000
554,47,True,4,1.126014,0.010000
555,22,True,5,1.131678,0.010000
556,42,True,3,1.046514,0.010000
557,7,True,4,0.998982,0.010000
558,47,True,4,1.126014,0.010000
559,2,True,5,1.073814,0.010000
560,48,True,3,1.109004,0.010000
561,31,True,4,1.069905,0.010000
562,30,True,6,1.070211,0.010000
563,21,True,4,1.117678,0.010000
564,11,True,2,1.020729,0.010000
565,9,True,3,1.123711,0.010000
566,1,True,4,1.037725,0.010000
567,10,True,3,1.063850,0.010000
568,39,True,4,1.100679,0.010000
569,36,True,1,1.028687,0.010000
570,34,True,6,1.059866,0.010000
571,32,True,2,1.055840,0.010000
572,19,True,7,1.107314,0.010000
573,47,True,4,1.126014,0.010000
574,16,True,3,1.071668,0.010000
575,4,True,5,1.178257,0.010000
576,13,True,5,1.100894,0.010000
577,15,True,3,1.053862,0.010000
578,6,True,4,1.096971,0.010000
579,48,True,3,1.109004,0.010000
580,37,True,6,1.080396,0.010000
581,6,True,4,1.096971,0.010000
582,42,True,3,1.046514,0.010000
583,37,True,6,1.080396,0.010000
584,25,True,3,1.084093,0.010000
585,45,True,5,1.153215,0.010000
586,4,True,5,1.178257,0.010000
587,9,True,3,1.123711,0.010000
588,49,True,4,1.098777,0.010000
589,24,True,6,1.032766,0.010000
590,6,True,4,1.096971,0.010000
591,32,True,2,1.055840,0.010000
592,19,True,7,1.107314,0.010000
593,42,True,3,1.046514,0.010000
594,20,True,1,1.045076,0.010000
595,15,True,3,1.053862,0.010000
596,30,True,6,1.070211,0.010000
597,37,True,6,1.080396,0.010000
598,35,True,6,1.121147,0.010000
599,42,True,3,1.046514,0.010000
600,22,True,5,1.131678,0.010000
601,29,True,6,1.079719,0.010000
602,44,True,4,1.095060,0.010000
603,43,True,6,1.124780,0.010000
604,14,True,2,1.067718,0.010000
605,29,True,6,1.079719,0.010000
606,6,True,5,1.055850,0.010000
607,3,True,5,1.154076,0.010000
608,41,True,6,1.147114,0.010000
609,39,True,4,1.100679,0.010000
610,24,True,6,1.032766,0.010000
611,41,True,6,1.147114,0.010000
612,44,True,4,1.095060,0.010000
613,9,True,3,1.123711,0.010000
614,7,True,4,0.998982,0.010000
615,2,True,5,1.073814,0.010000
616,15,True,3,1.053862,0.010000
617,6,True,4,1.096971,0.010000
618,43,True,6,1.124780,0.010000
619,12,True,3,1.071419,0.010000
620,23,True,3,1.084862,0.010000
621,34,True,6,1.059866,0.010000
622,29,True,6,1.079719,0.010000
623,34,True,6,1.059866,0.010000
624,15,True,3,1.053862,0.010000
625,31,True,4,1.069905,0.010000
626,8,True,5,1.029549,0.010000
627,8,True,5,1.029549,0.010000
628,32,True,2,1.055840,0.010000
629,8,True,5,1.029549,0.010000
630,25,True,3,1.084093,0.010000
631,30,True,6,1.070211,0.010000
632,25,True,3,1.084093,0.010000
633,32,True,2,1.055840,0.010000
634,49,True,4,1.098777,0.010000
635,17,True,2,1.070467,0.010000
636,50,True,4,1.127226,0.010000
637,49,True,4,1.098777,0.010000
638,43,True,6,1.124780,0.010000
639,30,True,6,1.070211,0.010000
640,32,True,2,1.055840,0.010000
641,11,True,2,1.020729,0.010000
642,32,True,2,1.055840,0.010000
643,19,True,7,1.107314,0.010000
644,5,True,4,1.094506,0.010000
645,17,True,2,1.070467,0.010000
646,2,True,5,1.073814,0.010000
647,34,True,6,1.059866,0.010000
648,18,True,5,1.050794,0.010000
649,30,True,6,1.070211,0.010000
650,42,True,3,1.046514,0.010000
651,21,True,4,1.117678,0.010000
652,16,True,3,1.071668,0.010000
653,16,True,3,1.071668,0.010000
654,28,True,4,1.113333,0.010000
655,32,True,2,1.055840,0.010000
656,31,True,4,1.069905,0.010000
657,42,True,3,1.046514,0.010000
658,17,True,2,1.070467,0.010000
659,44,True,6,1.068064,0.010000
660,29,True,6,1.079719,0.010000
661,11,True,2,1.020729,0.010000
662,30,True,6,1.070211,0.010000
663,11,True,2,1.020729,0.010000
664,21,True,4,1.117678,0.010000
665,12,True,3,1.071419,0.010000
666,36,True,1,1.028687,0.010000
667,6,True,4,1.096971,0.010000
668,6,True,4,1.096971,0.010000
669,44,True,4,1.095060,0.010000
670,25,True,3,1.084093,0.010000
671,27,True,6,1.150846,0.010000
672,9,True,3,1.123711,0.010000
673,5,True,4,1.094506,0.010000
674,1,True,4,1.096368,0.010000
675,38,True,4,1.105579,0.010000
676,10,True,3,1.063850,0.010000
677,48,True,3,1.109004,0.010000
678,34,True,6,1.059866,0.010000
679,3,True,5,1.154076,0.010000
680,30,True,6,1.070211,0.010000
681,38,True,4,1.105579,0.010000
682,44,True,4,1.095060,0.010000
683,2,True,5,1.073814,0.010000
684,21,True,4,1.117678,0.010000
685,48,True,3,1.109004,0.010000
686,6,True,4,1.096971,0.010000
687,28,True,4,1.113333,0.010000
688,32,True,2,1.055840,0.010000
689,6,True,4,1.096971,0.010000
690,30,True,6,1.070211,0.010000
691,16,True,3,1.071668,0.010000
692,33,True,4,1.092254,0.010000
693,8,True,5,1.029549,0.010000
694,49,True,4,1.098777,0.010000
695,44,True,6,0.922655,0.010000
696,45,True,5,1.153215,0.010000
697,2,True,5,1.073814,0.010000
698,2,True,5,1.073814,0.010000
699,19,True,7,1.107314,0.010000
700,15,True,3,1.053862,0.010000
701,42,True,3,1.046514,0.010000
702,2,True,5,1.073814,0.010000
703,9,True,3,1.123711,0.010000
704,40,True,5,1.128935,0.010000
705,20,True,1,1.045076,0.010000
706,2,True,5,1.073814,0.010000
707,8,True,5,1.029549,0.010000
708,46,True,6,1.225643,0.010000
709,24,True,6,1.032766,0.010000
710,29,True,6,1.079719,0.010000
711,10,True,3,1.063850,0.010000
712,27,True,6,1.150846,0.010000
713,28,True,4,1.113333,0.010000
714,27,True,6,1.150846,0.010000
715,45,True,5,1.153215,0.010000
716,14,True,2,1.067718,0.010000
717,2,True,5,1.073814,0.010000
718,8,True,5,1.029549,0.010000
719,43,True,6,1.124780,0.010000
720,6,True,4,1.096971,0.010000
721,38,True,4,1.105579,0.010000
722,47,True,4,1.126014,0.010000
723,45,True,5,1.153215,0.010000
724,8,True,5,1.029549,0.010000
725,10,True,3,1.063850,0.010000
726,12,True,3,1.071419,0.010000
727,27,True,6,1.150846,0.010000
728,10,True,3,1.063850,0.010000
729,22,True,5,1.131678,0.010000
730,42,True,3,1.046514,0.010000
731,49,True,4,1.098777,0.010000
732,46,True,6,1.225643,0.010000
733,25,True,3,1.084093,0.010000
734,17,True,2,1.070467,0.010000
735,44,True,4,1.095060,0.010000
736,21,True,4,1.117678,0.010000
737,8,True,5,1.029549,0.010000
738,18,True,5,1.050794,0.010000
739,24,True,6,1.032766,0.010000
740,1,True,4,1.096368,0.010000
741,38,True,4,1.105579,0.010000
742,47,True,4,1.126014,0.010000
743,41,True,6,1.147114,0.010000
744,39,True,4,1.100679,0.010000
745,42,True,3,1.046514,0.010000
746,25,True,3,1.084093,0.010000
747,13,True,5,1.100894,0.010000
748,15,True,3,1.053862,0.010000
749,1,True,4,1.096368,0.010000
750,43,True,6,1.124780,0.010000
751,45,True,10,1.043977,0.010000
752,35,True,5,1.106081,0.010000
753,5,True,4,1.094506,0.010000
754,2,True,5,1.073814,0.010000
755,5,True,4,1.094506,0.010000
756,25,True,3,1.084093,0.010000
757,4,True,5,1.178257,0.010000
758,15,True,3,1.053862,0.010000
759,22,True,5,1.131678,0.010000
760,37,True,6,1.080396,0.010000
761,33,True,4,1.092254,0.010000
762,24,True,6,1.032766,0.010000
763,45,True,5,1.153215,0.010000
764,30,True,6,1.070211,0.010000
765,14,True,2,1.067718,0.010000
766,23,True,3,1.084862,0.010000
767,3,True,5,1.154076,0.010000
768,12,True,3,1.071419,0.010000
769,25,True,3,1.084093,0.010000
770,24,True,6,1.032766,0.010000
771,21,True,4,1.117678,0.010000
772,16,True,3,1.071668,0.010000
773,31,True,4,1.069905,0.010000
774,12,True,3,1.071419,0.010000
775,31,True,4,1.069905,0.010000
776,26,True,3,1.073613,0.010000
777,17,True,2,1.070467,0.010000
778,29,True,6,1.079719,0.010000
779,18,True,5,1.050794,0.010000
780,18,True,5,1.050794,0.010000
781,13,True,7,0.846427,0.010000
782,26,True,3,1.073613,0.010000
783,22,True,5,1.131678,0.010000
784,24,True,6,1.032766,0.010000
785,21,True,4,1.117678,0.010000
786,25,True,3,1.084093,0.010000
787,22,True,5,1.131678,0.010000
788,2,True,5,1.073814,0.010000
789,34,True,6,1.059866,0.010000
790,9,True,3,1.123711,0.010000
791,38,True,4,1.105579,0.010000
792,39,True,4,1.100679,0.010000
793,42,True,3,1.046514,0.010000
794,27,True,6,1.150846,0.010000
795,43,True,6,1.124780,0.010000
796,17,True,2,1.070467,0.010000
797,41,True,6,1.147114,0.010000
798,32,True,2,1.055840,0.010000
799,46,True,6,1.225643,0.010000
800,11,True,2,1.020729,0.010000
801,29,True,6,1.079719,0.010000
802,4,True,5,1.178257,0.010000
803,22,True,5,1.131678,0.010000
804,21,True,4,1.117678,0.010000
805,23,True,3,1.084862,0.010000
806,30,True,6,1.070211,0.010000
807,17,True,2,1.070467,0.010000
808,44,True,4,1.095060,0.010000
809,39,True,4,1.100679,0.010000
810,20,True,1,1.045076,0.010000
811,49,True,4,1.098777,0.010000
812,42,True,3,1.046514,0.010000
813,42,True,3,1.046514,0.010000
814,49,True,4,1.098777,0.010000
815,39,True,4,1.100679,0.010000
816,4,True,5,1.178257,0.010000
817,20,True,1,1.045076,0.010000
818,16,True,3,1.071668,0.010000
819,18,True,5,1.050794,0.010000
820,49,True,4,1.098777,0.010000
821,39,True,4,1.100679,0.010000
822,5,True,6,0.892668,0.010000
823,25,True,3,1.084093,0.010000
824,25,True,3,1.084093,0.010000
825,33,True,4,1.092254,0.010000
826,24,True,6,1.032766,0.010000
827,42,True,3,1.046514,0.010000
828,28,True,4,1.113333,0.010000
829,49,True,4,1.098777,0.010000
830,45,True,5,1.153215,0.010000
831,12,True,3,1.071419,0.010000
832,29,True,6,1.079719,0.010000
833,6,True,4,1.096971,0.010000
834,1,True,4,1.096368,0.010000
835,32,True,2,1.055840,0.010000
836,24,True,6,1.032766,0.010000
837,30,True,6,1.070211,0.010000
838,33,True,4,1.092254,0.010000
839,44,True,4,1.095060,0.010000
840,47,True,4,1.126014,0.010000
841,11,True,2,1.020729,0.010000
842,16,True,3,1.071668,0.010000
843,25,True,3,1.084093,0.010000
844,43,True,6,1.124780,0.010000
845,15,True,3,1.053862,0.010000
846,48,True,3,1.109004,0.010000
847,20,True,1,1.045076,0.010000
848,25,True,3,1.084093,0.010000
849,7,True,4,0.998982,0.010000
850,39,True,4,1.100679,0.010000
851,41,True,6,1.147114,0.010000
852,50,True,4,1.127226,0.010000
853,22,True,5,1.131678,0.010000
854,7,True,4,0.998982,0.010000
855,45,True,5,1.153215,0.010000
856,25,True,3,1.084093,0.010000
857,23,True,3,1.084862,0.010000
858,38,True,4,1.105579,0.010000
859,20,True,1,1.045076,0.010000
860,42,True,3,1.046514,0.010000
861,24,True,6,1.032766,0.010000
862,25,True,3,1.084093,0.010000
863,46,True,6,1.225643,0.010000
864,12,True,5,1.044423,0.010000
865,36,True,1,1.028687,0.010000
866,6,True,4,1.096971,0.010000
867,34,True,6,1.059866,0.010000
868,16,True,3,1.071668,0.010000
869,38,True,4,1.105579,0.010000
870,26,True,3,1.073613,0.010000
871,41,True,6,1.147114,0.010000
872,35,True,5,1.106081,0.010000
873,18,True,5,1.050794,0.010000
874,38,True,4,1.105579,0.010000
875,4,True,5,1.178257,0.010000
876,25,True,3,1.084093,0.010000
877,44,True,4,1.095060,0.010000
878,34,True,6,1.059866,0.010000
879,11,True,2,1.020729,0.010000
880,1,True,4,1.096368,0.010000
881,48,True,5,1.035570,0.010000
882,12,True,3,1.071419,0.010000
883,11,True,2,1.020729,0.010000
884,35,True,5,1.132305,0.010000
885,42,True,3,1.046514,0.010000
886,40,True,5,1.128935,0.010000
887,13,True,7,0.846427,0.010000
888,7,True,4,0.998982,0.010000
889,8,True,5,1.029549,0.010000
890,8,True,5,1.029549,0.010000
891,2,True,5,1.073814,0.010000
892,19,True,7,1.107314,0.010000
893,45,True,5,1.153215,0.010000
894,28,True,4,1.113333,0.010000
895,15,True,3,1.053862,0.010000
896,8,True,5,1.029549,0.010000
897,14,True,2,1.067718,0.010000
898,28,True,4,1.113333,0.010000
899,22,True,5,1.131678,0.010000
900,9,True,3,1.123711,0.010000
901,7,True,4,0.998982,0.010000
902,3,True,5,1.154076,0.010000
903,28,True,4,1.113333,0.010000
904,19,True,7,1.107314,0.010000
905,14,True,2,1.067718,0.010000
906,33,True,4,1.092254,0.010000
907,15,True,3,1.053862,0.010000
908,9,True,3,1.123711,0.010000
909,35,True,5,1.106081,0.010000
910,21,True,4,1.117678,0.010000
911,35,True,5,1.106081,0.010000
912,21,True,4,1.117678,0.010000
913,6,True,4,1.096971,0.010000
914,42,True,3,1.046514,0.010000
915,5,True,4,1.094506,0.010000
916,39,True,4,1.100679,0.010000
917,18,True,5,1.050794,0.010000
918,13,True,5,1.100894,0.010000
919,2,True,5,1.073814,0.010000
920,25,True,3,1.084093,0.010000
921,32,True,2,1.055840,0.010000
922,23,True,3,1.084862,0.010000
923,12,True,3,1.071419,0.010000
924,40,True,5,1.128935,0.010000
925,50,True,4,1.127226,0.010000
926,37,True,6,1.080396,0.010000
927,39,True,4,1.100679,0.010000
928,35,True,5,1.106081,0.010000
929,2,True,5,1.073814,0.010000
930,36,True,1,1.028687,0.010000
931,16,True,3,1.071668,0.010000
932,25,True,3,1.084093,0.010000
933,31,True,4,1.069905,0.010000
934,10,True,3,1.063850,0.010000
935,29,True,6,1.079719,0.010000
936,44,True,4,1.095060,0.010000
937,11,True,2,1.020729,0.010000
938,48,True,3,1.109004,0.010000
939,45,True,5,1.153215,0.010000
940,18,True,5,1.050794,0.010000
941,49,True,4,1.098777,0.010000
942,37,True,8,1.006963,0.010000
943,22,True,5,1.131678,0.010000
944,44,True,4,1.095060,0.010000
945,33,True,4,1.092254,0.010000
946,3,True,5,1.154076,0.010000
947,36,True,1,1.028687,0.010000
948,32,True,2,1.055840,0.010000
949,11,True,2,1.020729,0.010000
950,12,True,3,1.071419,0.010000
951,42,True,3,1.046514,0.010000
952,26,True,3,1.073613,0.010000
953,33,True,4,1.092254,0.010000
954,10,True,3,1.063850,0.010000
955,25,True,3,1.084093,0.010000
956,7,True,4,0.998982,0.010000
957,21,True,4,1.117678,0.010000
958,31,True,4,1.069905,0.010000
959,28,True,4,1.113333,0.010000
960,6,True,4,1.096971,0.010000
961,43,True,6,1.124780,0.010000
962,31,True,4,1.069905,0.010000
963,5,True,4,1.094506,0.010000
964,21,True,4,1.117678,0.010000
965,3,True,5,1.154076,0.010000
966,24,True,6,1.032766,0.010000
967,34,True,6,1.059866,0.010000
968,41,True,6,1.147114,0.010000
969,43,True,6,1.124780,0.010000
970,27,True,10,0.950224,0.010000
971,22,True,5,1.131678,0.010000
972,47,True,4,1.126014,0.010000
973,49,True,4,1.098777,0.010000
974,28,True,4,1.113333,0.010000
975,30,True,6,1.070211,0.010000
976,41,True,6,1.147114,0.010000
977,26,True,3,1.073613,0.010000
978,14,True,2,1.067718,0.010000
979,11,True,2,1.020729,0.010000
980,8,True,5,1.029549,0.010000
981,34,True,6,1.059866,0.010000
982,13,True,5,1.100894,0.010000
983,12,True,3,1.071419,0.010000
984,11,True,2,1.020729,0.010000
985,28,True,4,1.113333,0.010000
986,24,True,6,1.032766,0.010000
987,12,True,3,1.071419,0.010000
988,43,True,6,1.124780,0.010000
989,25,True,3,1.084093,0.010000
990,37,True,6,1.080396,0.010000
991,27,True,6,1.150846,0.010000
992,9,True,3,1.123711,0.010000
993,5,True,4,1.094506,0.010000
994,32,True,2,1.055840,0.010000
995,32,True,2,1.055840,0.010000
996,2,True,5,1.073814,0.010000
997,35,True,5,1.106081,0.010000
998,18,True,5,1.050794,0.010000
999,34,True,6,1.059866,0.010000
1000,43,True,6,1.124780,0.010000
1001,22,True,5,1.131678,0.010000
1002,24,True,6,1.032766,0.010000
1003,10,True,3,1.063850,0.010000
1004,12,True,3,1.071419,0.010000
1005,36,True,1,1.028687,0.010000
1006,14,True,2,1.067718,0.010000
1007,29,True,6,1.079719,0.010000
1008,34,True,6,1.059866,0.010000
1009,26,True,3,1.073613,0.010000
1010,14,True,2,1.067718,0.010000
1011,47,True,4,1.098081,0.010000
1012,11,True,2,1.020729,0.010000
1013,43,True,6,1.124780,0.010000
1014,16,True,3,1.071668,0.010000
1015,49,True,4,1.098777,0.010000
1016,43,True,6,1.124780,0.010000
1017,15,True,3,1.053862,0.010000
1018,24,True,6,1.032766,0.010000
1019,22,True,5,1.131678,0.010000
1020,28,True,4,1.113333,0.010000
1021,34,True,6,1.059866,0.010000
1022,1,True,4,1.096368,0.010000
1023,6,True,4,1.096971,0.010000
1024,31,True,4,1.069905,0.010000
1025,39,True,4,1.100679,0.010000
1026,17,True,2,1.070467,0.010000
1027,20,True,1,1.045076,0.010000
1028,35,True,5,1.106081,0.010000
1029,30,True,6,1.070211,0.010000
1030,4,True,5,1.178257,0.010000
1031,22,True,5,1.131678,0.010000
1032,36,True,1,1.028687,0.010000
1033,9,True,3,1.123711,0.010000
1034,32,True,2,1.055840,0.010000
1035,10,True,3,1.063850,0.010000
1036,2,True,5,1.073814,0.010000
1037,40,True,5,1.128935,0.010000
1038,19,True,7,1.107314,0.010000
1039,3,True,5,1.154076,0.010000
1040,23,True,3,1.084862,0.010000
1041,42,True,3,1.046514,0.010000
1042,26,True,3,1.073613,0.010000
1043,37,True,6,1.080396,0.010000
1044,15,True,3,1.053862,0.010000
1045,50,True,4,1.127226,0.010000
1046,5,True,4,1.094506,0.010000
1047,12,True,3,1.071419,0.010000
1048,29,True,6,1.079719,0.010000
1049,1,True,4,1.096368,0.010000
1050,37,True,6,1.080396,0.010000
1051,7,True,4,0.998982,0.010000
1052,25,True,3,1.084093,0.010000
1053,35,True,5,1.106081,0.010000
1054,22,True,5,1.131678,0.010000
1055,37,True,6,1.080396,0.010000
1056,3,True,5,1.154076,0.010000
1057,35,True,5,1.106081,0.010000
1058,45,True,5,1.153215,0.010000
1059,16,True,3,1.071668,0.010000
1060,47,True,4,1.126014,0.010000
1061,39,True,4,1.100679,0.010000
1062,5,True,4,1.094506,0.010000
1063,24,True,6,1.032766,0.010000
1064,18,True,5,1.050794,0.010000
1065,45,True,5,1.153215,0.010000
1066,4,True,5,1.178257,0.010000
1067,35,True,5,1.106081,0.010000
1068,49,True,4,1.098777,0.010000
1069,35,True,5,1.106081,0.010000
1070,6,True,4,1.096971,0.010000
1071,42,True,3,1.046514,0.010000
1072,29,True,7,1.009871,0.010000
1073,12,True,3,1.071419,0.010000
1074,10,True,3,1.063850,0.010000
1075,38,True,4,1.105579,0.010000
1076,35,True,5,1.106081,0.010000
1077,44,True,4,1.095060,0.010000
1078,42,True,3,1.046514,0.010000
1079,10,True,3,1.063850,0.010000
1080,14,True,2,1.067718,0.010000
1081,25,True,3,1.084093,0.010000
1082,35,True,5,1.106081,0.010000
1083,16,True,3,1.071668,0.010000
1084,45,True,5,1.153215,0.010000
1085,27,True,6,1.150846,0.010000
1086,6,True,4,1.096971,0.010000
1087,27,True,6,1.150846,0.010000
1088,28,True,4,1.113333,0.010000
1089,38,True,4,1.105579,0.010000
1090,41,True,6,1.147114,0.010000
1091,44,True,4,1.095060,0.010000
1092,15,True,3,1.053862,0.010000
1093,21,True,4,1.117678,0.010000
1094,7,True,4,0.998982,0.010000
1095,17,True,2,1.070467,0.010000
1096,10,True,3,1.063850,0.010000
1097,1,True,4,1.096368,0.010000
1098,30,True,6,1.070211,0.010000
1099,23,True,3,1.084862,0.010000
1100,18,True,5,1.050794,0.010000
1101,41,True,6,1.147114,0.010000
1102,19,True,8,1.037467,0.010000
1103,34,True,6,1.059866,0.010000
1104,8,True,5,1.029549,0.010000
1105,23,True,3,1.084862,0.010000
1106,39,True,4,1.100679,0.010000
1107,17,True,2,1.070467,0.010000
1108,28,True,4,1.113333,0.010000
1109,15,True,3,1.053862,0.010000
1110,9,True,3,1.123711,0.010000
1111,50,True,4,1.127226,0.010000
1112,11,True,2,1.020729,0.010000
1113,19,True,7,1.107314,0.010000
1114,20,True,1,1.045076,0.010000
1115,3,True,5,1.154076,0.010000
1116,5,True,4,1.094506,0.010000
1117,21,True,4,1.117678,0.010000
1118,25,True,3,1.084093,0.010000
1119,19,True,7,1.107314,0.010000
1120,37,True,6,1.080396,0.010000
1121,34,True,6,1.059866,0.010000
1122,45,True,5,1.153215,0.010000
1123,7,True,4,0.998982,0.010000
1124,8,True,5,1.029549,0.010000
1125,47,True,4,1.126014,0.010000
1126,40,True,5,1.128935,0.010000
1127,1,True,4,1.096368,0.010000
1128,13,True,5,1.100894,0.010000
1129,13,True,5,1.100894,0.010000
1130,7,True,4,0.998982,0.010000
1131,48,True,3,1.109004,0.010000
1132,6,True,4,1.096971,0.010000
1133,9,True,3,1.123711,0.010000
1134,16,True,3,1.071668,0.010000
1135,34,True,6,1.059866,0.010000
1136,42,True,3,1.046514,0.010000
1137,47,True,4,1.126014,0.010000
1138,34,True,6,1.059866,0.010000
1139,18,True,5,1.050794,0.010000
1140,3,True,5,1.154076,0.010000
1141,21,True,4,1.117678,0.010000
1142,46,True,6,1.225643,0.010000
1143,18,True,5,1.050794,0.010000
1144,37,True,6,1.080396,0.010000
1145,30,True,6,1.070211,0.010000
1146,27,True,6,1.150846,0.010000
1147,23,True,3,1.084862,0.010000
1148,10,True,3,1.063850,0.010000
1149,14,True,2,1.067718,0.010000
1150,17,True,2,1.070467,0.010000
1151,34,True,6,1.059866,0.010000
1152,11,True,2,1.020729,0.010000
1153,12,True,3,1.071419,0.010000
1154,40,True,5,1.128935,0.010000
1155,20,True,1,1.045076,0.010000
1156,49,True,4,1.098777,0.010000
1157,33,True,4,1.092254,0.010000
1158,4,True,7,1.177745,0.010000
1159,12,True,3,1.071419,0.010000
1160,1,True,4,1.096368,0.010000
1161,46,True,6,1.225643,0.010000
1162,23,True,3,1.084862,0.010000
1163,24,True,6,1.032766,0.010000
1164,25,True,3,1.084093,0.010000
1165,3,True,5,1.154076,0.010000
1166,42,True,3,1.046514,0.010000
1167,44,True,4,1.095060,0.010000
1168,48,True,3,1.109004,0.010000
1169,8,True,5,1.029549,0.010000
1170,13,True,5,1.100894,0.010000
1171,17,True,2,1.070467,0.010000
1172,35,True,5,1.106081,0.010000
1173,35,True,5,1.106081,0.010000
1174,30,True,6,1.070211,0.010000
1175,22,True,5,1.131678,0.010000
1176,8,True,5,1.029549,0.010000
1177,18,True,8,0.910614,0.010000
1178,7,True,4,0.998982,0.010000
1179,38,True,4,1.105579,0.010000
1180,23,True,3,1.084862,0.010000
1181,44,True,4,1.095060,0.010000
1182,20,True,1,1.045076,0.010000
1183,29,True,6,1.079719,0.010000
1184,16,True,3,1.071668,0.010000
1185,14,True,2,1.067718,0.010000
1186,50,True,4,1.127226,0.010000
1187,21,True,4,1.117678,0.010000
1188,32,True,2,1.055840,0.010000
1189,11,True,2,1.020729,0.010000
1190,35,True,5,1.106081,0.010000
1191,40,True,5,1.128935,0.010000
1192,44,True,4,1.095060,0.010000
1193,30,True,6,1.070211,0.010000
1194,16,True,3,1.071668,0.010000
1195,11,True,2,1.020729,0.010000
1196,44,True,4,1.095060,0.010000
1197,46,True,6,1.225643,0.010000
1198,7,True,4,0.998982,0.010000
1199,10,True,3,1.063850,0.010000
1200,30,True,6,1.070211,0.010000
1201,10,True,3,1.063850,0.010000
1202,20,True,1,1.045076,0.010000
1203,37,True,6,1.080396,0.010000
1204,14,True,2,1.067718,0.010000
1205,24,True,6,1.032766,0.010000
1206,42,True,3,1.046514,0.010000
1207,22,True,5,1.131678,0.010000
1208,48,True,3,1.109004,0.010000
1209,41,True,6,1.147114,0.010000
1210,45,True,5,1.153215,0.010000
1211,9,True,3,1.123711,0.010000
1212,30,True,6,1.070211,0.010000
1213,37,True,5,1.124825,0.010000
1214,1,True,4,1.096368,0.010000
1215,42,True,3,1.046514,0.010000
1216,49,True,5,0.958962,0.010000
1217,29,True,6,1.079719,0.010000
1218,40,True,5,1.128935,0.010000
1219,42,True,3,1.046514,0.010000
1220,31,True,4,1.069905,0.010000
1221,29,True,6,1.079719,0.010000
1222,2,True,5,1.073814,0.010000
1223,36,True,1,1.028687,0.010000
1224,14,True,2,1.067718,0.010000
1225,5,True,4,1.094506,0.010000
1226,45,True,5,1.153215,0.010000
1227,19,True,7,1.107314,0.010000
1228,36,True,1,1.028687,0.010000
1229,45,True,5,1.153215,0.010000
1230,12,True,3,1.071419,0.010000
1231,17,True,2,1.070467,0.010000
1232,28,True,4,1.113333,0.010000
1233,3,True,5,1.154076,0.010000
1234,35,True,5,1.106081,0.010000
1235,29,True,6,1.079719,0.010000
1236,40,True,5,1.128935,0.010000
1237,50,True,4,1.127226,0.010000
1238,7,True,4,0.998982,0.010000
1239,43,True,6,1.124780,0.010000
1240,2,True,5,1.073814,0.010000
1241,6,True,4,1.096971,0.010000
1242,48,True,3,1.109004,0.010000
1243,31,True,5,1.067111,0.010000
1244,5,True,4,1.094506,0.010000
1245,18,True,5,1.050794,0.010000
1246,49,True,4,1.098777,0.010000
1247,12,True,3,1.071419,0.010000
1248,11,True,2,1.020729,0.010000
1249,17,True,2,1.070467,0.010000
1250,2,True,5,1.073814,0.010000
1251,23,True,3,1.084862,0.010000
1252,30,True,6,1.070211,0.010000
1253,31,True,4,1.069905,0.010000
1254,48,True,3,1.109004,0.010000
1255,12,True,3,1.071419,0.010000
1256,49,True,4,1.098777,0.010000
1257,41,True,6,1.147114,0.010000
1258,31,True,4,1.069905,0.010000
1259,35,True,5,1.106081,0.010000
1260,43,True,6,1.124780,0.010000
1261,8,True,5,1.029549,0.010000
1262,26,True,3,1.073613,0.010000
1263,47,True,4,1.126014,0.010000
1264,24,True,6,1.032766,0.010000
1265,19,True,6,1.076716,0.010000
1266,4,True,5,1.178257,0.010000
1267,38,True,4,1.105579,0.010000
1268,14,True,2,1.067718,0.010000
1269,41,True,6,1.147114,0.010000
1270,18,True,5,1.050794,0.010000
1271,49,True,4,1.098777,0.010000
1272,27,True,6,1.150846,0.010000
1273,1,True,4,1.096368,0.010000
1274,50,True,4,1.127226,0.010000
1275,38,True,4,1.105579,0.010000
1276,26,True,3,1.073613,0.010000
1277,26,True,3,1.073613,0.010000
1278,2,True,5,1.073814,0.010000
1279,23,True,3,1.084862,0.010000
1280,50,True,4,1.127226,0.010000
1281,32,True,2,1.055840,0.010000
1282,21,True,4,1.117678,0.010000
1283,49,True,4,1.098777,0.010000
1284,11,True,2,1.020729,0.010000
1285,33,True,4,1.092254,0.010000
1286,46,True,6,1.225643,0.010000
1287,21,True,4,1.117678,0.010000
1288,45,True,5,1.153215,0.010000
1289,40,True,5,1.128935,0.010000
1290,17,True,2,1.070467,0.010000
1291,21,True,4,1.117678,0.010000
1292,7,True,4,0.998982,0.010000
1293,30,True,6,1.070211,0.010000
1294,23,True,3,1.084862,0.010000
1295,37,True,6,1.080396,0.010000
1296,22,True,5,1.131678,0.010000
1297,40,True,5,1.128935,0.010000
1298,47,True,4,1.126014,0.010000
1299,45,True,5,1.153215,0.010000
1300,26,True,3,1.073613,0.010000
1301,34,True,7,1.057072,0.010000
1302,13,True,5,1.100894,0.010000
1303,29,True,6,1.079719,0.010000
1304,23,True,3,1.084862,0.010000
1305,40,True,5,1.128935,0.010000
1306,10,True,3,1.063850,0.010000
1307,31,True,4,1.069905,0.010000
1308,49,True,4,1.098777,0.010000
1309,26,True,3,1.073613,0.010000
1310,40,True,5,1.128935,0.010000
1311,20,True,1,1.045076,0.010000
1312,42,True,3,1.046514,0.010000
1313,13,True,5,1.100894,0.010000
1314,30,True,6,1.070211,0.010000
1315,19,True,5,0.992220,0.010000
1316,3,True,5,1.154076,0.010000
1317,27,True,6,1.150846,0.010000
1318,3,True,5,1.154076,0.010000
1319,11,True,2,1.020729,0.010000
1320,19,True,7,1.107314,0.010000
1321,8,True,5,1.029549,0.010000
1322,43,True,6,1.124780,0.010000
1323,30,True,6,1.070211,0.010000
1324,5,True,4,1.094506,0.010000
1325,27,True,6,1.150846,0.010000
1326,37,True,6,1.080396,0.010000
1327,19,True,7,1.107314,0.010000
1328,41,True,6,1.147114,0.010000
1329,26,True,3,1.073613,0.010000
1330,30,True,6,1.070211,0.010000
1331,37,True,6,1.080396,0.010000
1332,4,True,5,1.178257,0.010000
1333,25,True,3,1.084093,0.010000
1334,10,True,3,1.063850,0.010000
1335,21,True,4,1.117678,0.010000
1336,22,True,5,1.131678,0.010000
1337,40,True,5,1.128935,0.010000
1338,11,True,2,1.020729,0.010000
1339,45,True,5,1.153215,0.010000
1340,25,True,3,1.084093,0.010000
1341,29,True,6,1.079719,0.010000
1342,8,True,5,1.029549,0.010000
1343,11,True,2,1.020729,0.010000
1344,34,True,6,1.059866,0.010000
1345,48,True,3,1.109004,0.010000
1346,40,True,5,1.128935,0.010000
1347,24,True,6,1.032766,0.010000
1348,43,True,6,1.124780,0.010000
1349,37,True,6,1.080396,0.010000
1350,43,True,7,1.032170,0.010000
1351,31,True,4,1.069905,0.010000
1352,6,True,4,1.096971,0.010000
1353,49,True,4,1.098777,0.010000
1354,23,True,3,1.084862,0.010000
1355,5,True,4,1.094506,0.010000
1356,1,True,4,1.096368,0.010000
1357,29,True,6,1.079719,0.010000
1358,27,True,6,1.150846,0.010000
1359,9,True,3,1.123711,0.010000
1360,28,True,4,1.113333,0.010000
1361,18,True,5,1.050794,0.010000
1362,28,True,4,1.113333,0.010000
1363,46,True,6,1.225643,0.010000
1364,40,True,5,1.128935,0.010000
1365,24,True,6,1.032766,0.010000
1366,45,True,5,1.153215,0.010000
1367,2,True,5,1.073814,0.010000
1368,5,True,4,1.094506,0.010000
1369,31,True,4,1.069905,0.010000
1370,21,True,4,1.117678,0.010000
1371,48,True,3,1.109004,0.010000
1372,20,True,1,1.045076,0.010000
1373,19,True,7,1.107314,0.010000
1374,18,True,5,1.050794,0.010000
1375,10,True,3,1.063850,0.010000
1376,12,True,3,1.071419,0.010000
1377,33,True,4,1.092254,0.010000
1378,6,True,4,1.096971,0.010000
1379,34,True,6,1.059866,0.010000
1380,4,True,5,1.178257,0.010000
1381,25,True,3,1.084093,0.010000
1382,36,True,1,1.028687,0.010000
1383,38,True,4,1.105579,0.010000
1384,33,True,4,1.092254,0.010000
1385,33,True,4,1.092254,0.010000
1386,8,True,5,1.029549,0.010000
1387,13,True,5,1.100894,0.010000
1388,37,True,6,1.080396,0.010000
1389,26,True,3,1.073613,0.010000
1390,43,True,6,1.124780,0.010000
1391,47,True,4,1.126014,0.010000
1392,5,True,4,1.094506,0.010000
1393,14,True,2,1.067718,0.010000
1394,12,True,3,1.071419,0.010000
1395,18,True,5,1.050794,0.010000
1396,30,True,6,1.070211,0.010000
1397,13,True,5,1.100894,0.010000
1398,19,True,7,1.107314,0.010000
1399,24,True,6,1.032766,0.010000
1400,9,True,3,1.123711,0.010000
1401,3,True,5,1.154076,0.010000
1402,6,True,4,1.096971,0.010000
1403,48,True,3,1.109004,0.010000
1404,36,True,1,1.028687,0.010000
1405,15,True,3,1.053862,0.010000
1406,10,True,3,1.063850,0.010000
1407,45,True,5,1.153215,0.010000
1408,19,True,7,1.107314,0.010000
1409,14,True,2,1.067718,0.010000
1410,44,True,4,1.095060,0.010000
1411,49,True,4,1.098777,0.010000
1412,3,True,5,1.154076,0.010000
1413,3,True,5,1.154076,0.010000
1414,5,True,4,1.094506,0.010000
1415,45,True,5,1.153215,0.010000
1416,5,True,4,1.094506,0.010000
1417,20,True,1,1.045076,0.010000
1418,44,True,4,1.095060,0.010000
1419,9,True,3,1.123711,0.010000
1420,2,True,5,1.073814,0.010000
1421,17,True,2,1.070467,0.010000
1422,9,True,3,1.123711,0.010000
1423,43,True,6,1.124780,0.010000
1424,9,True,3,1.123711,0.010000
1425,8,True,5,1.029549,0.010000
1426,13,True,5,1.100894,0.010000
1427,49,True,4,1.098777,0.010000
1428,15,True,3,1.053862,0.010000
1429,50,True,4,1.127226,0.010000
1430,31,True,4,1.069905,0.010000
1431,28,True,4,1.113333,0.010000
1432,24,True,6,1.032766,0.010000
1433,31,True,4,1.069905,0.010000
1434,39,True,4,1.100679,0.010000
1435,13,True,5,1.100894,0.010000
1436,13,True,5,1.100894,0.010000
1437,41,True,6,1.147114,0.010000
1438,17,True,2,1.070467,0.010000
1439,36,True,1,1.028687,0.010000
1440,5,True,4,1.094506,0.010000
1441,13,True,5,1.100894,0.010000
1442,8,True,5,1.029549,0.010000
1443,14,True,4,1.063675,0.010000
1444,15,True,3,1.053862,0.010000
1445,2,True,5,1.073814,0.010000
1446,37,True,6,1.080396,0.010000
1447,7,True,4,0.998982,0.010000
1448,27,True,6,1.150846,0.010000
1449,21,True,4,1.117678,0.010000
1450,11,True,2,1.020729,0.010000
1451,26,True,3,1.073613,0.010000
1452,2,True,5,1.073814,0.010000
1453,32,True,2,1.055840,0.010000
1454,28,True,4,1.113333,0.010000
1455,3,True,5,1.154076,0.010000
1456,29,True,6,1.079719,0.010000
1457,40,True,5,1.128935,0.010000
1458,5,True,4,1.094506,0.010000
1459,47,True,4,1.126014,0.010000
1460,33,True,4,1.092254,0.010000
1461,39,True,4,1.100679,0.010000
1462,41,True,6,1.147114,0.010000
1463,34,True,6,1.059866,0.010000
1464,20,True,1,1.045076,0.010000
1465,25,True,3,1.084093,0.010000
1466,14,True,2,1.067718,0.010000
1467,42,True,3,1.046514,0.010000
1468,17,True,2,1.070467,0.010000
1469,14,True,2,1.067718,0.010000
1470,10,True,3,1.063850,0.010000
1471,42,True,3,1.046514,0.010000
1472,3,True,5,1.154076,0.010000
1473,4,True,5,1.178257,0.010000
1474,19,True,7,1.107314,0.010000
1475,47,True,4,1.126014,0.010000
1476,3,True,5,1.154076,0.010000
1477,14,True,4,1.000087,0.010000
1478,30,True,6,1.070211,0.010000
1479,37,True,6,1.080396,0.010000
1480,22,True,5,1.131678,0.010000
1481,36,True,1,1.028687,0.010000
1482,16,True,3,1.071668,0.010000
1483,27,True,6,1.150846,0.010000
1484,2,True,5,1.073814,0.010000
1485,28,True,4,1.113333,0.010000
1486,7,True,4,0.998982,0.010000
1487,4,True,4,1.081394,0.010000
1488,43,True,6,1.124780,0.010000
1489,11,True,2,1.020729,0.010000
1490,40,True,5,1.128935,0.010000
1491,32,True,2,1.055840,0.010000
1492,43,True,6,1.124780,0.010000
1493,43,True,6,1.124780,0.010000
1494,19,True,7,1.107314,0.010000
1495,13,True,5,1.100894,0.010000
1496,29,True,9,1.036153,0.010000
1497,47,True,4,1.126014,0.010000
1498,31,True,4,1.069905,0.010000
1499,28,True,4,1.113333,0.010000
1500,2,True,5,1.073814,0.010000
1501,42,True,3,1.046514,0.010000
1502,34,True,6,1.059866,0.010000
1503,2,True,5,1.073814,0.010000
1504,25,True,3,1.084093,0.010000
1505,6,True,4,1.096971,0.010000
1506,43,True,6,1.124780,0.010000
1507,8,True,5,1.029549,0.010000
1508,8,True,5,1.029549,0.010000
1509,12,True,3,1.071419,0.010000
1510,5,True,4,1.094506,0.010000
1511,49,True,4,1.098777,0.010000
1512,48,True,3,1.109004,0.010000
1513,13,True,5,1.100894,0.010000
1514,48,True,3,1.109004,0.010000
1515,39,True,4,1.100679,0.010000
1516,41,True,6,1.147114,0.010000
1517,10,True,3,1.063850,0.010000
1518,48,True,3,1.109004,0.010000
1519,9,True,3,1.123711,0.010000
1520,21,True,4,1.117678,0.010000
1521,46,True,6,1.225643,0.010000
1522,18,True,5,1.050794,0.010000
1523,17,True,2,1.070467,0.010000
1524,12,True,3,1.071419,0.010000
1525,11,True,2,1.020729,0.010000
1526,44,True,4,1.095060,0.010000
1527,40,True,5,1.128935,0.010000
1528,18,True,4,1.055498,0.010000
1529,26,True,3,1.073613,0.010000
1530,43,True,6,1.124780,0.010000
1531,42,True,3,1.046514,0.010000
1532,14,True,2,1.067718,0.010000
1533,24,True,6,1.032766,0.010000
1534,32,True,2,1.055840,0.010000
1535,1,True,4,1.096368,0.010000
1536,19,True,7,1.107314,0.010000
1537,18,True,5,1.050794,0.010000
1538,8,True,5,1.029549,0.010000
1539,16,True,3,1.071668,0.010000
1540,10,True,3,1.063850,0.010000
1541,31,True,4,1.069905,0.010000
1542,43,True,6,1.124780,0.010000
1543,15,True,3,1.053862,0.010000
1544,15,True,3,1.053862,0.010000
1545,7,True,4,0.998982,0.010000
1546,17,True,2,1.070467,0.010000
1547,42,True,3,1.046514,0.010000
1548,40,True,5,1.128935,0.010000
1549,14,True,2,1.067718,0.010000
1550,37,True,6,1.080396,0.010000
1551,12,True,3,1.071419,0.010000
1552,13,True,5,1.100894,0.010000
1553,44,True,4,1.095060,0.010000
1554,35,True,5,1.106081,0.010000
1555,18,True,5,1.050794,0.010000
1556,18,True,5,1.050794,0.010000
1557,45,True,5,1.153215,0.010000
1558,35,True,5,1.106081,0.010000
1559,17,True,2,1.070467,0.010000
1560,28,True,4,1.113333,0.010000
1561,5,True,4,1.094506,0.010000
1562,2,True,5,1.073814,0.010000
1563,6,True,4,1.096971,0.010000
1564,47,True,4,1.126014,0.010000
1565,11,True,2,1.020729,0.010000
1566,19,True,7,1.107314,0.010000
1567,43,True,6,1.124780,0.010000
1568,18,True,5,1.050794,0.010000
1569,41,True,6,1.147114,0.010000
1570,18,True,5,1.050794,0.010000
1571,42,True,3,1.046514,0.010000
1572,46,True,6,1.225643,0.010000
1573,27,True,6,1.150846,0.010000
1574,6,True,4,1.096971,0.010000
1575,49,True,4,1.098777,0.010000
1576,19,True,7,1.107314,0.010000
1577,18,True,5,1.050794,0.010000
1578,16,True,3,1.071668,0.010000
1579,38,True,4,1.105579,0.010000
1580,34,True,6,1.059866,0.010000
1581,15,True,3,1.053862,0.010000
1582,49,True,4,1.098777,0.010000
1583,14,True,2,1.067718,0.010000
1584,50,True,4,1.127226,0.010000
1585,17,True,2,1.070467,0.010000
1586,1,True,4,1.096368,0.010000
1587,8,True,5,1.029549,0.010000
1588,49,True,4,1.098777,0.010000
1589,18,True,5,1.050794,0.010000
1590,24,True,6,1.032766,0.010000
1591,3,True,5,1.154076,0.010000
1592,25,True,3,1.084093,0.010000
1593,50,True,4,1.127226,0.010000
1594,32,True,2,1.055840,0.010000
1595,40,True,5,1.128935,0.010000
1596,50,True,4,1.127226,0.010000
1597,40,True,5,1.128935,0.010000
1598,19,True,7,1.107314,0.010000
1599,6,True,4,1.096971,0.010000
1600,19,True,7,1.107314,0.010000
1601,27,True,6,1.150846,0.010000
1602,48,True,3,1.109004,0.010000
1603,42,True,3,1.046514,0.010000
1604,1,True,4,1.096368,0.010000
1605,26,True,3,1.073613,0.010000
1606,6,True,4,1.096971,0.010000
1607,1,True,4,1.096368,0.010000
1608,17,True,2,1.070467,0.010000
1609,16,True,3,1.071668,0.010000
1610,2,True,6,0.933999,0.010000
1611,33,True,4,1.092254,0.010000
1612,25,True,3,1.084093,0.010000
1613,4,True,5,1.178257,0.010000
1614,15,True,3,1.053862,0.010000
1615,26,True,3,1.073613,0.010000
1616,43,True,6,1.124780,0.010000
1617,50,True,4,1.127226,0.010000
1618,15,True,3,1.053862,0.010000
1619,13,True,5,1.100894,0.010000
1620,39,True,4,1.100679,0.010000
1621,35,True,5,1.106081,0.010000
1622,47,True,4,1.126014,0.010000
1623,28,True,4,1.113333,0.010000
1624,10,True,3,1.063850,0.010000
1625,1,True,4,1.096368,0.010000
1626,11,True,2,1.020729,0.010000
1627,47,True,4,1.126014,0.010000
1628,8,True,5,1.029549,0.010000
1629,32,True,2,1.055840,0.010000
1630,30,True,6,1.070211,0.010000
1631,25,True,3,1.084093,0.010000
1632,21,True,4,1.117678,0.010000
1633,7,True,4,0.998982,0.010000
1634,21,True,4,1.117678,0.010000
1635,35,True,5,1.106081,0.010000
1636,47,True,4,1.126014,0.010000
1637,48,True,3,1.109004,0.010000
1638,49,True,4,1.098777,0.010000
1639,13,True,5,1.100894,0.010000
1640,32,True,2,1.055840,0.010000
1641,40,True,5,1.128935,0.010000
1642,42,True,3,1.046514,0.010000
1643,24,True,6,1.032766,0.010000
1644,11,True,2,1.020729,0.010000
1645,24,True,6,1.032766,0.010000
1646,41,True,6,1.147114,0.010000
1647,12,True,3,1.071419,0.010000
1648,25,True,3,1.084093,0.010000
1649,22,True,5,1.131678,0.010000
1650,34,True,7,0.981275,0.010000
1651,44,True,4,1.095060,0.010000
1652,34,True,6,1.059866,0.010000
1653,7,True,4,0.998982,0.010000
1654,27,True,6,1.150846,0.010000
1655,19,True,7,1.107314,0.010000
1656,18,True,5,1.050794,0.010000
1657,50,True,4,1.127226,0.010000
1658,9,True,3,1.123711,0.010000
1659,47,True,4,1.126014,0.010000
1660,20,True,1,1.045076,0.010000
1661,6,True,4,1.096971,0.010000
1662,10,True,3,1.063850,0.010000
1663,9,True,3,1.123711,0.010000
1664,21,True,4,1.117678,0.010000
1665,20,True,1,1.045076,0.010000
1666,25,True,3,1.084093,0.010000
1667,47,True,4,1.126014,0.010000
1668,14,True,2,1.067718,0.010000
1669,46,True,6,1.225643,0.010000
1670,4,True,5,1.178257,0.010000
1671,50,True,4,1.127226,0.010000
1672,17,True,2,1.070467,0.010000
1673,31,True,4,1.069905,0.010000
1674,25,True,3,1.084093,0.010000
1675,46,True,6,1.225643,0.010000
1676,21,True,4,1.117678,0.010000
1677,21,True,4,1.117678,0.010000
1678,21,True,4,1.117678,0.010000
1679,32,True,2,1.055840,0.010000
1680,15,True,3,1.053862,0.010000
1681,17,True,2,1.070467,0.010000
1682,12,True,3,1.071419,0.010000
1683,11,True,2,1.020729,0.010000
1684,49,True,4,1.098777,0.010000
1685,9,True,3,1.123711,0.010000
1686,36,True,1,1.028687,0.010000
1687,3,True,5,1.154076,0.010000
1688,43,True,6,1.124780,0.010000
1689,37,True,6,1.080396,0.010000
1690,50,True,4,1.127226,0.010000
1691,4,True,5,1.178257,0.010000
1692,10,True,3,1.063850,0.010000
1693,44,True,4,1.095060,0.010000
1694,26,True,3,1.073613,0.010000
1695,43,True,6,1.124780,0.010000
1696,43,True,6,1.124780,0.010000
1697,22,True,5,1.131678,0.010000
1698,23,True,3,1.084862,0.010000
1699,46,True,6,1.225643,0.010000
1700,36,True,1,1.028687,0.010000
1701,25,True,3,1.084093,0.010000
1702,48,True,3,1.109004,0.010000
1703,8,True,5,1.029549,0.010000
1704,28,True,4,1.113333,0.010000
1705,22,True,5,1.131678,0.010000
1706,26,True,3,1.073613,0.010000
1707,29,True,6,1.079719,0.010000
1708,8,True,5,1.029549,0.010000
1709,29,True,6,1.079719,0.010000
1710,22,True,5,1.131678,0.010000
1711,6,True,4,1.096971,0.010000
1712,8,True,5,1.029549,0.010000
1713,2,True,5,1.073814,0.010000
1714,26,True,3,1.073613,0.010000
1715,45,True,5,1.153215,0.010000
1716,49,True,4,1.098777,0.010000
1717,2,True,5,1.073814,0.010000
1718,21,True,4,1.117678,0.010000
1719,26,True,3,1.073613,0.010000
1720,44,True,4,1.095060,0.010000
1721,14,True,2,1.067718,0.010000
1722,16,True,3,1.071668,0.010000
1723,38,True,4,1.105579,0.010000
1724,11,True,2,1.020729,0.010000
1725,4,True,5,1.178257,0.010000
1726,7,True,4,0.998982,0.010000
1727,2,True,5,1.073814,0.010000
1728,35,True,5,1.106081,0.010000
1729,29,True,6,1.079719,0.010000
1730,13,True,5,1.100894,0.010000
1731,11,True,2,1.020729,0.010000
1732,30,True,6,1.070211,0.010000
1733,38,True,4,1.105579,0.010000
1734,44,True,4,1.095060,0.010000
1735,12,True,3,1.071419,0.010000
1736,40,True,5,1.128935,0.010000
1737,10,True,3,1.063850,0.010000
1738,38,True,5,1.036585,0.010000
1739,40,True,5,1.128935,0.010000
1740,28,True,4,1.113333,0.010000
1741,23,True,3,1.084862,0.010000
1742,15,True,3,1.053862,0.010000
1743,3,True,5,1.154076,0.010000
1744,49,True,4,1.098777,0.010000
1745,18,True,5,1.050794,0.010000
1746,45,True,5,1.153215,0.010000
1747,29,True,6,1.079719,0.010000
1748,45,True,5,1.153215,0.010000
1749,8,True,5,1.029549,0.010000
1750,45,True,5,1.153215,0.010000
1751,16,True,3,1.071668,0.010000
1752,25,True,3,1.084093,0.010000
1753,34,True,6,1.059866,0.010000
1754,4,True,5,1.178257,0.010000
1755,22,True,5,1.131678,0.010000
1756,24,True,6,1.032766,0.010000
1757,39,True,4,1.100679,0.010000
1758,8,True,5,1.029549,0.010000
1759,49,True,4,1.098777,0.010000
1760,6,True,4,1.096971,0.010000
1761,7,True,4,0.998982,0.010000
1762,12,True,3,1.071419,0.010000
1763,29,True,6,1.079719,0.010000
1764,15,True,3,1.053862,0.010000
1765,49,True,4,1.098777,0.010000
1766,20,True,1,1.045076,0.010000
1767,33,True,4,1.092254,0.010000
1768,19,True,7,1.107314,0.010000
1769,29,True,6,1.079719,0.010000
1770,31,True,4,1.069905,0.010000
1771,16,True,3,1.071668,0.010000
1772,21,True,4,1.117678,0.010000
1773,3,True,5,1.154076,0.010000
1774,12,True,3,1.071419,0.010000
1775,4,True,5,1.178257,0.010000
1776,1,True,4,1.096368,0.010000
1777,35,True,5,1.106081,0.010000
1778,31,True,4,1.069905,0.010000
1779,46,True,6,1.225643,0.010000
1780,10,True,3,1.063850,0.010000
1781,12,True,3,1.071419,0.010000
1782,3,True,5,1.154076,0.010000
1783,8,True,5,1.029549,0.010000
1784,24,True,6,1.032766,0.010000
1785,31,True,4,1.069905,0.010000
1786,3,True,5,1.089749,0.010000
1787,22,True,5,1.131678,0.010000
1788,5,True,4,1.094506,0.010000
1789,19,True,4,1.017993,0.010000
1790,3,True,5,1.154076,0.010000
1791,11,True,2,1.020729,0.010000
1792,35,True,5,1.106081,0.010000
1793,12,True,3,1.071419,0.010000
1794,9,True,3,1.123711,0.010000
1795,25,True,3,1.084093,0.010000
1796,9,True,3,1.123711,0.010000
1797,30,True,6,1.070211,0.010000
1798,9,True,3,1.123711,0.010000
1799,29,True,6,1.079719,0.010000
1800,21,True,8,0.939306,0.010000
1801,27,True,6,1.150846,0.010000
1802,47,True,6,1.114154,0.010000
1803,5,True,5,0.941301,0.010000
1804,1,True,4,1.096368,0.010000
1805,6,True,4,1.096971,0.010000
1806,13,True,10,1.037445,0.010000
1807,27,True,6,1.150846,0.010000
1808,40,True,5,1.128935,0.010000
1809,3,True,5,1.154076,0.010000
1810,22,True,5,1.131678,0.010000
1811,29,True,6,1.079719,0.010000
1812,26,True,3,1.073613,0.010000
1813,18,True,5,1.050794,0.010000
1814,47,True,4,1.126014,0.010000
1815,41,True,6,1.147114,0.010000
1816,10,True,3,1.063850,0.010000
1817,44,True,4,1.095060,0.010000
1818,18,True,5,1.050794,0.010000
1819,4,True,5,1.178257,0.010000
1820,42,True,3,1.046514,0.010000
1821,3,True,5,1.154076,0.010000
1822,42,True,3,1.046514,0.010000
1823,19,True,8,1.075441,0.010000
1824,41,True,6,1.147114,0.010000
1825,10,True,3,1.063850,0.010000
1826,37,True,6,1.080396,0.010000
1827,31,True,4,1.069905,0.010000
1828,15,True,3,1.053862,0.010000
1829,22,True,5,1.131678,0.010000
1830,26,True,3,1.073613,0.010000
1831,41,True,6,1.147114,0.010000
1832,23,True,3,1.084862,0.010000
1833,6,True,4,1.096971,0.010000
1834,30,True,6,1.070211,0.010000
1835,1,True,4,1.096368,0.010000
1836,2,True,5,1.073814,0.010000
1837,12,True,3,1.071419,0.010000
1838,34,True,6,1.059866,0.010000
1839,36,True,1,1.028687,0.010000
1840,37,True,6,1.080396,0.010000
1841,5,True,4,1.094506,0.010000
1842,22,True,5,1.131678,0.010000
1843,12,True,3,1.071419,0.010000
1844,4,True,5,1.178257,0.010000
1845,37,True,6,1.080396,0.010000
1846,15,True,3,1.053862,0.010000
1847,45,True,5,1.153215,0.010000
1848,27,True,8,0.975819,0.010000
1849,44,True,4,1.095060,0.010000
1850,39,True,4,1.100679,0.010000
1851,5,True,4,1.094506,0.010000
1852,32,True,2,1.055840,0.010000
1853,27,True,6,1.150846,0.010000
1854,20,True,1,1.045076,0.010000
1855,20,True,1,1.045076,0.010000
1856,28,True,4,1.113333,0.010000
1857,42,True,3,1.046514,0.010000
1858,9,True,3,1.123711,0.010000
1859,43,True,6,1.124780,0.010000
1860,48,True,3,1.109004,0.010000
1861,43,True,6,1.124780,0.010000
1862,24,True,6,1.032766,0.010000
1863,26,True,3,1.073613,0.010000
1864,45,True,5,1.153215,0.010000
1865,16,True,3,1.071668,0.010000
1866,5,True,4,1.094506,0.010000
1867,37,True,6,1.080396,0.010000
1868,20,True,1,1.045076,0.010000
1869,8,True,5,1.029549,0.010000
1870,8,True,5,1.029549,0.010000
1871,20,True,1,1.045076,0.010000
1872,14,True,2,1.067718,0.010000
1873,15,True,3,1.053862,0.010000
1874,32,True,2,1.055840,0.010000
1875,8,True,5,1.029549,0.010000
1876,28,True,4,1.113333,0.010000
1877,42,True,3,1.046514,0.010000
1878,15,True,3,1.053862,0.010000
1879,27,True,10,0.950224,0.010000
1880,47,True,4,1.126014,0.010000
1881,39,True,4,1.100679,0.010000
1882,3,True,5,1.154076,0.010000
1883,39,True,4,1.100679,0.010000
1884,43,True,7,1.046188,0.010000
1885,23,True,3,1.084862,0.010000
1886,31,True,4,1.069905,0.010000
1887,8,True,5,1.029549,0.010000
1888,23,True,3,1.084862,0.010000
1889,43,True,6,1.124780,0.010000
1890,10,True,3,1.063850,0.010000
1891,46,True,6,1.225643,0.010000
1892,26,True,3,1.073613,0.010000
1893,25,True,3,1.084093,0.010000
1894,35,True,6,0.992637,0.010000
1895,10,True,3,1.063850,0.010000
1896,33,True,4,1.092254,0.010000
1897,31,True,4,1.069905,0.010000
1898,47,True,4,1.126014,0.010000
1899,37,True,6,1.080396,0.010000
1900,17,True,2,1.070467,0.010000
1901,40,True,5,1.128935,0.010000
1902,40,True,5,1.128935,0.010000
1903,9,True,3,1.123711,0.010000
1904,45,True,5,1.153215,0.010000
1905,41,True,6,1.147114,0.010000
1906,23,True,3,1.084862,0.010000
1907,37,True,6,1.080396,0.010000
1908,32,True,2,1.055840,0.010000
1909,6,True,4,1.096971,0.010000
1910,3,True,5,1.154076,0.010000
1911,40,True,5,1.128935,0.010000
1912,4,True,5,1.178257,0.010000
1913,28,True,4,1.113333,0.010000
1914,19,True,7,1.107314,0.010000
1915,37,True,6,1.080396,0.010000
1916,2,True,5,1.073814,0.010000
1917,37,True,6,1.080396,0.010000
1918,49,True,4,1.098777,0.010000
1919,38,True,4,1.105579,0.010000
1920,25,True,3,1.084093,0.010000
1921,10,True,3,1.063850,0.010000
1922,22,True,5,1.131678,0.010000
1923,6,True,4,1.096971,0.010000
1924,26,True,3,1.073613,0.010000
1925,19,True,7,1.107314,0.010000
1926,2,True,5,1.073814,0.010000
1927,46,True,6,1.225643,0.010000
1928,5,True,4,1.094506,0.010000
1929,35,True,5,1.106081,0.010000
1930,47,True,4,1.126014,0.010000
1931,1,True,4,1.096368,0.010000
1932,13,True,5,1.100894,0.010000
1933,29,True,6,1.079719,0.010000
1934,12,True,3,1.071419,0.010000
1935,18,True,5,1.050794,0.010000
1936,19,True,7,1.107314,0.010000
1937,21,True,4,1.117678,0.010000
1938,35,True,5,1.106081,0.010000
1939,39,True,4,1.100679,0.010000
1940,16,True,3,1.071668,0.010000
1941,9,True,3,1.123711,0.010000
1942,16,True,3,1.071668,0.010000
1943,30,True,6,1.070211,0.010000
1944,39,True,4,1.100679,0.010000
1945,16,True,3,1.071668,0.010000
1946,10,True,3,1.063850,0.010000
1947,38,True,4,1.105579,0.010000
1948,13,True,5,1.100894,0.010000
1949,2,True,5,1.073814,0.010000
1950,32,True,2,1.055840,0.010000
1951,11,True,2,1.020729,0.010000
1952,12,True,3,1.071419,0.010000
1953,37,True,6,1.080396,0.010000
1954,10,True,3,1.063850,0.010000
1955,38,True,4,1.105579,0.010000
1956,40,True,5,1.128935,0.010000
1957,7,True,4,0.998982,0.010000
1958,5,True,4,1.094506,0.010000
1959,48,True,3,1.109004,0.010000
1960,35,True,5,1.106081,0.010000
1961,25,True,3,1.084093,0.010000
1962,12,True,3,1.071419,0.010000
1963,34,True,6,1.059866,0.010000
1964,8,True,5,1.029549,0.010000
1965,40,True,5,1.128935,0.010000
1966,10,True,3,1.063850,0.010000
1967,42,True,3,1.046514,0.010000
1968,28,True,5,1.044339,0.010000
1969,13,True,5,1.100894,0.010000
1970,23,True,3,1.084862,0.010000
1971,4,True,5,1.178257,0.010000
1972,33,True,4,1.092254,0.010000
1973,33,True,4,1.092254,0.010000
1974,36,True,1,1.028687,0.010000
1975,1,True,4,1.096368,0.010000
1976,7,True,4,0.998982,0.010000
1977,46,True,6,1.225643,0.010000
1978,1,True,4,1.096368,0.010000
1979,39,True,4,1.100679,0.010000
1980,35,True,5,1.106081,0.010000
1981,24,True,6,1.032766,0.010000
1982,22,True,5,1.131678,0.010000
1983,10,True,3,1.063850,0.010000
1984,37,True,6,1.080396,0.010000
1985,26,True,3,1.073613,0.010000
1986,16,True,3,1.071668,0.010000
1987,25,True,4,1.005501,0.010000
1988,1,True,4,1.096368,0.010000
1989,26,True,3,1.073613,0.010000
1990,23,True,3,1.084862,0.010000
1991,43,True,6,1.124780,0.010000
1992,1,True,4,1.096368,0.010000
1993,47,True,4,1.126014,0.010000
1994,25,True,3,1.084093,0.010000
1995,28,True,4,1.113333,0.010000
1996,11,True,2,1.020729,0.010000
1997,28,True,4,1.113333,0.010000
1998,9,True,3,1.123711,0.010000
1999,36,True,1,1.028687,0.010000
2000,24,True,6,1.032766,0.010000
2001,50,True,4,1.127226,0.010000
2002,29,True,6,1.079719,0.010000
2003,11,True,2,1.020729,0.010000
2004,1,True,4,1.096368,0.010000
2005,45,True,5,1.125282,0.010000
2006,16,True,3,1.071668,0.010000
2007,50,True,4,1.127226,0.010000
2008,12,True,3,1.071419,0.010000
2009,7,True,4,0.998982,0.010000
2010,34,True,6,1.059866,0.010000
2011,50,True,4,1.127226,0.010000
2012,45,True,5,1.153215,0.010000
2013,15,True,3,1.053862,0.010000
2014,42,True,3,1.046514,0.010000
2015,36,True,1,1.028687,0.010000
2016,31,True,5,0.930090,0.010000
2017,27,True,6,1.150846,0.010000
2018,25,True,3,1.084093,0.010000
2019,38,True,4,1.105579,0.010000
2020,17,True,2,1.070467,0.010000
2021,45,True,5,1.153215,0.010000
2022,11,True,2,1.020729,0.010000
2023,43,True,6,1.124780,0.010000
2024,50,True,4,1.127226,0.010000
2025,38,True,4,1.105579,0.010000
2026,34,True,6,1.059866,0.010000
2027,18,True,5,1.050794,0.010000
2028,41,True,6,1.147114,0.010000
2029,37,True,6,1.080396,0.010000
2030,28,True,4,1.113333,0.010000
2031,49,True,4,1.098777,0.010000
2032,8,True,5,1.029549,0.010000
2033,47,True,4,1.126014,0.010000
2034,3,True,5,1.154076,0.010000
2035,14,True,2,1.067718,0.010000
2036,6,True,4,1.096971,0.010000
2037,46,True,6,1.225643,0.010000
2038,16,True,3,1.071668,0.010000
2039,16,True,3,1.071668,0.010000
2040,30,True,6,1.070211,0.010000
2041,25,True,3,1.084093,0.010000
2042,40,True,5,1.128935,0.010000
2043,3,True,8,0.977755,0.010000
2044,8,True,5,1.029549,0.010000
2045,17,True,2,1.070467,0.010000
2046,33,True,4,1.092254,0.010000
2047,8,True,5,1.029549,0.010000
2048,13,True,5,1.100894,0.010000
2049,13,True,5,1.100894,0.010000
2050,33,True,4,1.092254,0.010000
2051,7,True,4,0.998982,0.010000
2052,2,True,5,1.073814,0.010000
2053,15,True,3,1.053862,0.010000
2054,1,True,4,1.096368,0.010000
2055,7,True,4,0.998982,0.010000
2056,46,True,6,1.225643,0.010000
2057,17,True,2,1.070467,0.010000
2058,24,True,6,1.032766,0.010000
2059,3,True,5,1.154076,0.010000
2060,29,True,6,1.079719,0.010000
2061,37,True,6,1.080396,0.010000
2062,22,True,5,1.131678,0.010000
2063,11,True,2,1.020729,0.010000
2064,37,True,6,1.080396,0.010000
2065,32,True,2,1.055840,0.010000
2066,31,True,4,1.069905,0.010000
2067,19,True,7,1.107314,0.010000
2068,38,True,4,1.105579,0.010000
2069,44,True,4,1.095060,0.010000
2070,39,True,4,1.100679,0.010000
2071,38,True,4,1.105579,0.010000
2072,11,True,2,1.020729,0.010000
2073,47,True,4,1.126014,0.010000
2074,25,True,3,1.084093,0.010000
2075,2,True,5,1.073814,0.010000
2076,6,True,4,1.096971,0.010000
2077,15,True,3,1.053862,0.010000
2078,33,True,4,1.092254,0.010000
2079,11,True,2,1.020729,0.010000
2080,44,True,4,1.095060,0.010000
2081,1,True,4,1.096368,0.010000
2082,30,True,6,1.070211,0.010000
2083,25,True,3,1.084093,0.010000
2084,30,True,6,1.070211,0.010000
2085,25,True,3,1.084093,0.010000
2086,28,True,4,1.113333,0.010000
2087,21,True,4,1.117678,0.010000
2088,13,True,5,1.100894,0.010000
2089,25,True,3,1.084093,0.010000
2090,29,True,6,1.079719,0.010000
2091,33,True,4,1.092254,0.010000
2092,33,True,4,1.092254,0.010000
2093,41,True,6,1.147114,0.010000
2094,36,True,1,1.028687,0.010000
2095,36,True,1,1.028687,0.010000
2096,5,True,4,1.094506,0.010000
2097,4,True,5,1.178257,0.010000
2098,30,True,6,1.070211,0.010000
2099,35,True,5,1.106081,0.010000
2100,20,True,1,1.045076,0.010000
2101,29,True,6,1.079719,0.010000
2102,47,True,4,1.126014,0.010000
2103,35,True,5,1.106081,0.010000
2104,46,True,6,1.225643,0.010000
2105,35,True,5,1.106081,0.010000
2106,1,True,4,1.096368,0.010000
2107,9,True,3,1.123711,0.010000
2108,48,True,3,1.109004,0.010000
2109,17,True,2,1.070467,0.010000
2110,37,True,6,1.080396,0.010000
2111,34,True,6,1.059866,0.010000
2112,38,True,4,1.105579,0.010000
2113,7,True,4,0.998982,0.010000
2114,16,True,3,1.071668,0.010000
2115,1,True,4,1.096368,0.010000
2116,13,True,5,1.100894,0.010000
2117,14,True,2,1.067718,0.010000
2118,7,True,4,0.998982,0.010000
2119,41,True,6,1.147114,0.010000
2120,34,True,6,1.059866,0.010000
2121,36,True,1,1.028687,0.010000
2122,34,True,6,1.059866,0.010000
2123,36,True,1,1.028687,0.010000
2124,50,True,4,1.127226,0.010000
2125,50,True,4,1.127226,0.010000
2126,1,True,4,1.096368,0.010000
2127,1,True,4,1.096368,0.010000
2128,12,True,3,1.071419,0.010000
2129,39,True,4,1.100679,0.010000
2130,44,True,4,1.095060,0.010000
2131,6,True,4,1.096971,0.010000
2132,1,True,4,1.096368,0.010000
2133,45,True,5,1.153215,0.010000
2134,2,True,5,1.073814,0.010000
2135,5,True,4,1.094506,0.010000
2136,15,True,3,1.053862,0.010000
2137,2,True,5,1.073814,0.010000
2138,21,True,4,1.117678,0.010000
2139,22,True,5,1.131678,0.010000
2140,25,True,3,1.084093,0.010000
2141,2,True,5,1.073814,0.010000
2142,5,True,4,1.094506,0.010000
2143,17,True,2,1.070467,0.010000
2144,31,True,4,1.069905,0.010000
2145,29,True,6,1.079719,0.010000
2146,44,True,4,1.095060,0.010000
2147,27,True,6,1.150846,0.010000
2148,47,True,4,1.126014,0.010000
2149,47,True,4,1.126014,0.010000
2150,38,True,4,1.105579,0.010000
2151,2,True,5,1.073814,0.010000
2152,50,True,4,1.127226,0.010000
2153,32,True,2,1.055840,0.010000
2154,5,True,4,1.094506,0.010000
2155,48,True,3,1.109004,0.010000
2156,12,True,3,1.071419,0.010000
2157,24,True,6,1.032766,0.010000
2158,8,True,5,1.029549,0.010000
2159,14,True,2,1.067718,0.010000
2160,48,True,3,1.109004,0.010000
2161,18,True,5,1.050794,0.010000
2162,26,True,3,1.073613,0.010000
2163,3,True,5,1.154076,0.010000
2164,8,True,5,1.029549,0.010000
2165,48,True,3,1.109004,0.010000
2166,7,True,4,0.998982,0.010000
2167,12,True,3,1.071419,0.010000
2168,23,True,3,1.084862,0.010000
2169,46,True,6,1.225643,0.010000
2170,40,True,5,1.128935,0.010000
2171,24,True,6,1.032766,0.010000
2172,24,True,6,1.032766,0.010000
2173,13,True,8,0.914026,0.010000
2174,22,True,5,1.131678,0.010000
2175,13,True,5,1.100894,0.010000
2176,8,True,5,1.029549,0.010000
2177,21,True,4,1.117678,0.010000
2178,31,True,4,1.069905,0.010000
2179,42,True,3,1.046514,0.010000
2180,38,True,4,1.105579,0.010000
2181,9,True,3,1.123711,0.010000
2182,17,True,2,1.070467,0.010000
2183,8,True,5,1.029549,0.010000
2184,11,True,2,1.020729,0.010000
2185,22,True,5,1.131678,0.010000
2186,34,True,6,1.059866,0.010000
2187,6,True,4,1.096971,0.010000
2188,38,True,4,1.105579,0.010000
2189,37,True,6,1.080396,0.010000
2190,46,True,6,1.225643,0.010000
2191,50,True,4,1.127226,0.010000
2192,26,True,3,1.073613,0.010000
2193,48,True,3,1.109004,0.010000
2194,1,True,4,1.096368,0.010000
2195,13,True,5,1.100894,0.010000
2196,19,True,7,1.107314,0.010000
2197,4,True,5,1.178257,0.010000
2198,4,True,5,1.178257,0.010000
2199,30,True,6,1.070211,0.010000
2200,26,True,3,1.073613,0.010000
2201,9,True,3,1.123711,0.010000
2202,15,True,3,1.053862,0.010000
2203,43,True,6,1.124780,0.010000
2204,28,True,4,1.113333,0.010000
2205,30,True,6,1.070211,0.010000
2206,12,True,3,1.071419,0.010000
2207,21,True,4,1.117678,0.010000
2208,40,True,5,1.128935,0.010000
2209,50,True,4,1.127226,0.010000
2210,37,True,6,1.080396,0.010000
2211,18,True,5,1.050794,0.010000
2212,39,True,4,1.100679,0.010000
2213,47,True,4,1.126014,0.010000
2214,31,True,4,1.069905,0.010000
2215,15,True,3,1.053862,0.010000
2216,6,True,4,1.096971,0.010000
2217,9,True,3,1.123711,0.010000
2218,24,True,6,1.032766,0.010000
2219,22,True,5,1.131678,0.010000
2220,15,True,3,1.053862,0.010000
2221,14,True,2,1.067718,0.010000
2222,2,True,5,1.073814,0.010000
2223,37,True,6,1.080396,0.010000
2224,37,True,6,1.080396,0.010000
2225,2,True,5,1.073814,0.010000
2226,35,True,5,1.106081,0.010000
2227,31,True,4,1.069905,0.010000
2228,27,True,6,1.150846,0.010000
2229,26,True,3,1.073613,0.010000
2230,44,True,4,1.095060,0.010000
2231,29,True,6,1.079719,0.010000
2232,15,True,3,1.053862,0.010000
2233,45,True,5,1.153215,0.010000
2234,43,True,6,1.124780,0.010000
2235,29,True,6,1.079719,0.010000
2236,30,True,6,1.070211,0.010000
2237,30,True,6,1.070211,0.010000
2238,47,True,4,1.126014,0.010000
2239,36,True,1,1.028687,0.010000
2240,2,True,5,1.073814,0.010000
2241,21,True,4,1.117678,0.010000
2242,1,True,4,1.096368,0.010000
2243,14,True,2,1.067718,0.010000
2244,15,True,3,1.053862,0.010000
2245,26,True,3,1.073613,0.010000
2246,1,True,4,1.096368,0.010000
2247,15,True,3,1.053862,0.010000
2248,24,True,6,1.032766,0.010000
2249,34,True,6,1.059866,0.010000
2250,19,True,7,1.107314,0.010000
2251,12,True,3,1.071419,0.010000
2252,26,True,3,1.073613,0.010000
2253,25,True,3,1.084093,0.010000
2254,26,True,3,1.073613,0.010000
2255,50,True,4,1.127226,0.010000
2256,39,True,4,1.100679,0.010000
2257,26,True,5,0.981415,0.010000
2258,20,True,1,1.045076,0.010000
2259,3,True,5,1.154076,0.010000
2260,42,True,3,1.046514,0.010000
2261,22,True,5,1.131678,0.010000
2262,39,True,4,1.100679,0.010000
2263,42,True,3,1.046514,0.010000
2264,31,True,4,1.069905,0.010000
2265,37,True,6,1.080396,0.010000
2266,15,True,3,1.053862,0.010000
2267,1,True,4,1.096368,0.010000
2268,6,True,4,1.096971,0.010000
2269,13,True,5,1.100894,0.010000
2270,50,True,4,1.127226,0.010000
2271,1,True,4,1.096368,0.010000
2272,45,True,5,1.153215,0.010000
2273,25,True,3,1.084093,0.010000
2274,33,True,5,1.158407,0.010000
2275,43,True,8,0.870313,0.010000
2276,35,True,5,1.106081,0.010000
2277,26,True,3,1.073613,0.010000
2278,44,True,4,1.095060,0.010000
2279,6,True,4,1.096971,0.010000
2280,22,True,5,1.131678,0.010000
2281,49,True,4,1.098777,0.010000
2282,44,True,4,1.095060,0.010000
2283,25,True,3,1.084093,0.010000
2284,22,True,5,1.131678,0.010000
2285,10,True,3,1.063850,0.010000
2286,31,True,4,1.069905,0.010000
2287,41,True,6,1.147114,0.010000
2288,25,True,3,1.084093,0.010000
2289,1,True,4,1.096368,0.010000
2290,32,True,3,1.008784,0.010000
2291,22,True,5,1.131678,0.010000
2292,47,True,4,1.126014,0.010000
2293,1,True,4,1.096368,0.010000
2294,24,True,6,1.032766,0.010000
2295,37,True,6,1.080396,0.010000
2296,17,True,2,1.070467,0.010000
2297,48,True,3,1.109004,0.010000
2298,8,True,5,1.029549,0.010000
2299,49,True,4,1.098777,0.010000
2300,40,True,5,1.128935,0.010000
2301,35,True,5,1.106081,0.010000
2302,23,True,3,1.084862,0.010000
2303,13,True,5,1.100894,0.010000
2304,37,True,6,1.080396,0.010000
2305,17,True,2,1.070467,0.010000
2306,45,True,5,1.153215,0.010000
2307,28,True,4,1.113333,0.010000
2308,36,True,1,1.028687,0.010000
2309,46,True,6,1.225643,0.010000
2310,31,True,4,1.069905,0.010000
2311,2,True,5,1.073814,0.010000
2312,14,True,2,1.067718,0.010000
2313,12,True,3,1.071419,0.010000
2314,25,True,3,1.084093,0.010000
2315,40,True,5,1.128935,0.010000
2316,17,True,2,1.070467,0.010000
2317,15,True,3,1.053862,0.010000
2318,32,True,2,1.055840,0.010000
2319,44,True,4,1.095060,0.010000
2320,4,True,5,1.178257,0.010000
2321,19,True,7,1.107314,0.010000
2322,27,True,10,1.006837,0.010000
2323,6,True,4,1.096971,0.010000
2324,2,True,5,1.073814,0.010000
2325,28,True,4,1.113333,0.010000
2326,41,True,6,1.147114,0.010000
2327,7,True,4,0.998982,0.010000
2328,17,True,2,1.070467,0.010000
2329,21,True,4,1.117678,0.010000
2330,19,True,7,1.107314,0.010000
2331,36,True,1,1.028687,0.010000
2332,17,True,2,1.070467,0.010000
2333,28,True,4,1.113333,0.010000
2334,12,True,3,1.071419,0.010000
2335,5,True,4,1.094506,0.010000
2336,5,True,4,1.094506,0.010000
2337,37,True,6,1.080396,0.010000
2338,1,True,4,1.096368,0.010000
2339,37,True,6,1.080396,0.010000
2340,18,True,5,1.050794,0.010000
2341,18,True,6,1.049371,0.010000
2342,25,True,3,1.084093,0.010000
2343,17,True,2,1.070467,0.010000
2344,10,True,3,1.063850,0.010000
2345,2,True,5,1.073814,0.010000
2346,40,True,5,1.128935,0.010000
2347,47,True,4,1.126014,0.010000
2348,38,True,4,1.105579,0.010000
2349,22,True,5,1.131678,0.010000
2350,30,True,6,1.070211,0.010000
2351,22,True,7,0.877211,0.010000
2352,40,True,5,1.128935,0.010000
2353,19,True,7,1.107314,0.010000
2354,39,True,4,1.100679,0.010000
2355,11,True,2,1.020729,0.010000
2356,47,True,4,1.126014,0.010000
2357,7,True,4,0.998982,0.010000
2358,43,True,6,1.124780,0.010000
2359,27,True,6,1.150846,0.010000
2360,10,True,3,1.063850,0.010000
2361,21,True,4,1.117678,0.010000
2362,5,True,4,1.094506,0.010000
2363,29,True,6,1.079719,0.010000
2364,11,True,2,1.020729,0.010000
2365,27,True,6,1.150846,0.010000
2366,41,True,6,1.147114,0.010000
2367,42,True,3,1.046514,0.010000
2368,8,True,5,1.029549,0.010000
2369,43,True,6,1.124780,0.010000
2370,13,True,5,1.100894,0.010000
2371,22,True,5,1.131678,0.010000
2372,17,True,2,1.070467,0.010000
2373,7,True,4,0.998982,0.010000
2374,42,True,3,1.046514,0.010000
2375,50,True,4,1.127226,0.010000
2376,10,True,3,1.063850,0.010000
2377,17,True,2,1.070467,0.010000
2378,2,True,5,1.073814,0.010000
2379,9,True,3,1.123711,0.010000
2380,8,True,5,1.029549,0.010000
2381,36,True,1,1.028687,0.010000
2382,46,True,6,1.225643,0.010000
2383,5,True,4,1.094506,0.010000
2384,20,True,1,1.045076,0.010000
2385,31,True,4,1.069905,0.010000
2386,41,True,7,1.071559,0.010000
2387,7,True,4,0.998982,0.010000
2388,36,True,1,1.028687,0.010000
2389,29,True,6,1.079719,0.010000
2390,41,True,6,1.147114,0.010000
2391,27,True,10,0.950224,0.010000
2392,32,True,2,1.055840,0.010000
2393,40,True,5,1.128935,0.010000
2394,16,True,3,1.071668,0.010000
2395,28,True,4,1.113333,0.010000
2396,32,True,2,1.055840,0.010000
2397,48,True,3,1.109004,0.010000
2398,41,True,8,1.146602,0.010000
2399,18,True,5,1.050794,0.010000
2400,31,True,4,1.069905,0.010000
2401,19,True,7,1.107314,0.010000
2402,19,True,7,1.107314,0.010000
2403,16,True,3,1.071668,0.010000
2404,17,True,2,1.070467,0.010000
2405,41,True,6,1.147114,0.010000
2406,22,True,5,1.131678,0.010000
2407,24,True,6,1.032766,0.010000
2408,45,True,5,1.153215,0.010000
2409,31,True,4,1.069905,0.010000
2410,28,True,4,1.113333,0.010000
2411,21,True,4,1.117678,0.010000
2412,7,True,4,0.998982,0.010000
2413,15,True,3,1.053862,0.010000
2414,8,True,5,1.029549,0.010000
2415,12,True,3,1.071419,0.010000
2416,1,True,4,1.096368,0.010000
2417,16,True,3,1.071668,0.010000
2418,18,True,5,1.050794,0.010000
2419,25,True,3,1.084093,0.010000
2420,18,True,5,1.050794,0.010000
2421,18,True,5,1.050794,0.010000
2422,49,True,4,1.098777,0.010000
2423,48,True,3,1.109004,0.010000
2424,20,True,1,1.045076,0.010000
2425,6,True,4,1.096971,0.010000
2426,43,True,6,1.124780,0.010000
2427,38,True,4,1.105579,0.010000
2428,45,True,5,1.153215,0.010000
2429,50,True,4,1.127226,0.010000
2430,36,True,1,1.028687,0.010000
2431,47,True,4,1.126014,0.010000
2432,50,True,4,1.127226,0.010000
2433,23,True,3,1.084862,0.010000
2434,9,True,3,1.123711,0.010000
2435,33,True,4,1.092254,0.010000
2436,46,True,6,1.225643,0.010000
2437,7,True,4,0.998982,0.010000
2438,47,True,4,1.126014,0.010000
2439,31,True,4,1.069905,0.010000
2440,6,True,4,1.096971,0.010000
2441,35,True,5,1.106081,0.010000
2442,3,True,5,1.154076,0.010000
2443,16,True,3,1.071668,0.010000
2444,20,True,1,1.045076,0.010000
2445,4,True,5,1.178257,0.010000
2446,4,True,5,1.178257,0.010000
2447,38,True,4,1.105579,0.010000
2448,19,True,7,1.107314,0.010000
2449,33,True,4,1.092254,0.010000
2450,3,True,5,1.154076,0.010000
2451,8,True,5,1.029549,0.010000
2452,43,True,6,1.124780,0.010000
2453,1,True,4,1.096368,0.010000
2454,34,True,6,1.059866,0.010000
2455,43,True,6,1.124780,0.010000
2456,26,True,3,1.073613,0.010000
2457,6,True,6,1.047272,0.010000
2458,50,True,11,0.913772,0.010000
2459,12,True,3,1.071419,0.010000
2460,34,True,6,1.059866,0.010000
2461,23,True,3,1.084862,0.010000
2462,50,True,4,1.127226,0.010000
2463,32,True,2,1.055840,0.010000
2464,34,True,6,1.059866,0.010000
2465,40,True,5,1.128935,0.010000
2466,47,True,4,1.126014,0.010000
2467,49,True,4,1.098777,0.010000
2468,15,True,3,1.053862,0.010000
2469,39,True,4,1.100679,0.010000
2470,45,True,5,1.153215,0.010000
2471,10,True,3,1.063850,0.010000
2472,22,True,5,1.131678,0.010000
2473,6,True,4,1.096971,0.010000
2474,41,True,6,1.147114,0.010000
2475,12,True,3,1.071419,0.010000
2476,17,True,2,1.070467,0.010000
2477,18,True,5,1.050794,0.010000
2478,30,True,6,1.070211,0.010000
2479,15,True,3,1.053862,0.010000
2480,6,True,4,1.096971,0.010000
2481,39,True,4,1.100679,0.010000
2482,39,True,4,1.100679,0.010000
2483,44,True,4,1.095060,0.010000
2484,26,True,3,1.073613,0.010000
2485,15,True,9,0.938296,0.010000
2486,6,True,4,1.096971,0.010000
2487,10,True,3,1.063850,0.010000
2488,33,True,6,0.934708,0.010000
2489,47,True,4,1.126014,0.010000
2490,30,True,6,1.070211,0.010000
2491,13,True,5,1.100894,0.010000
2492,12,True,3,1.071419,0.010000
2493,36,True,1,1.028687,0.010000
2494,31,True,4,1.069905,0.010000
2495,26,True,3,1.073613,0.010000
2496,22,True,5,1.131678,0.010000
2497,41,True,6,1.147114,0.010000
2498,2,True,5,1.073814,0.010000
2499,14,True,2,1.067718,0.010000
2500,25,True,3,1.084093,0.010000
2501,44,True,4,1.095060,0.010000
2502,50,True,4,1.127226,0.010000
2503,28,True,4,1.113333,0.010000
2504,21,True,4,1.117678,0.010000
2505,49,True,4,1.098777,0.010000
2506,11,True,2,1.020729,0.010000
2507,2,True,5,1.073814,0.010000
2508,44,True,4,1.095060,0.010000
2509,48,True,3,1.109004,0.010000
2510,9,True,3,1.123711,0.010000
2511,10,True,3,1.063850,0.010000
2512,19,True,7,1.107314,0.010000
2513,6,True,4,1.096971,0.010000
2514,21,True,4,1.117678,0.010000
2515,43,True,6,1.124780,0.010000
2516,33,True,4,1.092254,0.010000
2517,28,True,4,1.113333,0.010000
2518,45,True,5,1.153215,0.010000
2519,27,True,6,1.150846,0.010000
2520,5,True,4,1.094506,0.010000
2521,14,True,2,1.067718,0.010000
2522,4,True,5,1.178257,0.010000
2523,34,True,6,1.059866,0.010000
2524,34,True,6,1.059866,0.010000
2525,43,True,6,1.124780,0.010000
2526,25,True,3,1.084093,0.010000
2527,3,True,5,1.154076,0.010000
2528,21,True,4,1.117678,0.010000
2529,19,True,7,1.107314,0.010000
2530,36,True,1,1.028687,0.010000
2531,1,True,7,0.917488,0.010000
2532,11,True,2,1.020729,0.010000
2533,7,True,4,0.998982,0.010000
2534,9,True,3,1.123711,0.010000
2535,31,True,4,1.069905,0.010000
2536,45,True,7,1.141354,0.010000
2537,14,True,2,1.067718,0.010000
2538,45,True,5,1.153215,0.010000
2539,23,True,3,1.084862,0.010000
2540,34,True,6,1.059866,0.010000
2541,13,True,5,1.100894,0.010000
2542,30,True,6,1.070211,0.010000
2543,3,True,5,1.154076,0.010000
2544,22,True,5,1.131678,0.010000
2545,19,True,7,1.107314,0.010000
2546,32,True,2,1.055840,0.010000
2547,50,True,4,1.127226,0.010000
2548,43,True,6,1.124780,0.010000
2549,2,True,5,1.073814,0.010000
2550,47,True,4,1.126014,0.010000
2551,1,True,4,1.096368,0.010000
2552,34,True,6,1.059866,0.010000
2553,40,True,5,1.128935,0.010000
2554,26,True,3,1.073613,0.010000
2555,44,True,4,1.095060,0.010000
2556,23,True,3,1.084862,0.010000
2557,44,True,4,1.095060,0.010000
2558,39,True,4,1.100679,0.010000
2559,43,True,6,1.124780,0.010000
2560,33,True,4,1.092254,0.010000
2561,28,True,4,1.113333,0.010000
2562,12,True,3,1.071419,0.010000
2563,37,True,6,1.080396,0.010000
2564,21,True,4,1.117678,0.010000
2565,21,True,4,1.117678,0.010000
2566,48,True,3,1.109004,0.010000
2567,8,True,5,1.029549,0.010000
2568,26,True,3,1.073613,0.010000
2569,20,True,1,1.045076,0.010000
2570,4,True,5,1.178257,0.010000
2571,36,True,1,1.028687,0.010000
2572,23,True,3,1.084862,0.010000
2573,2,True,5,1.073814,0.010000
2574,37,True,6,1.080396,0.010000
2575,25,True,3,1.084093,0.010000
2576,9,True,3,1.123711,0.010000
2577,24,True,6,1.032766,0.010000
2578,17,True,2,1.070467,0.010000
2579,14,True,2,1.067718,0.010000
2580,15,True,3,1.053862,0.010000
2581,23,True,3,1.084862,0.010000
2582,36,True,1,1.028687,0.010000
2583,43,True,6,1.124780,0.010000
2584,16,True,4,1.086733,0.010000
2585,16,True,3,1.071668,0.010000
2586,20,True,1,1.045076,0.010000
2587,39,True,4,1.100679,0.010000
2588,39,True,4,1.100679,0.010000
2589,18,True,5,1.050794,0.010000
2590,43,True,6,1.124780,0.010000
2591,20,True,1,1.045076,0.010000
2592,43,True,6,1.124780,0.010000
2593,40,True,5,1.128935,0.010000
2594,26,True,3,1.073613,0.010000
2595,12,True,3,1.071419,0.010000
2596,15,True,3,1.053862,0.010000
2597,41,True,6,1.147114,0.010000
2598,21,True,4,1.117678,0.010000
2599,35,True,5,1.106081,0.010000
2600,31,True,4,1.069905,0.010000
2601,49,True,4,1.098777,0.010000
2602,28,True,4,1.113333,0.010000
2603,5,True,4,1.094506,0.010000
2604,9,True,3,1.123711,0.010000
2605,18,True,5,1.050794,0.010000
2606,39,True,4,1.100679,0.010000
2607,7,True,4,0.998982,0.010000
2608,8,True,5,1.029549,0.010000
2609,28,True,4,1.113333,0.010000
2610,31,True,4,1.069905,0.010000
2611,39,True,4,1.100679,0.010000
2612,10,True,3,1.063850,0.010000
2613,11,True,2,1.020729,0.010000
2614,21,True,4,1.117678,0.010000
2615,32,True,4,0.854003,0.010000
2616,21,True,7,1.063688,0.010000
2617,33,True,4,1.092254,0.010000
2618,44,True,4,1.095060,0.010000
2619,3,True,5,1.154076,0.010000
2620,18,True,5,1.050794,0.010000
2621,12,True,3,1.071419,0.010000
2622,34,True,6,1.059866,0.010000
2623,48,True,3,1.109004,0.010000
2624,3,True,5,1.154076,0.010000
2625,18,True,5,1.050794,0.010000
2626,50,True,4,1.127226,0.010000
2627,10,True,3,1.063850,0.010000
2628,28,True,4,1.113333,0.010000
2629,16,True,3,1.071668,0.010000
2630,50,True,4,1.127226,0.010000
2631,35,True,5,1.106081,0.010000
2632,20,True,1,1.045076,0.010000
2633,25,True,7,0.951932,0.010000
2634,24,True,6,1.032766,0.010000
2635,21,True,4,1.117678,0.010000
2636,1,True,4,1.096368,0.010000
2637,49,True,4,1.098777,0.010000
2638,31,True,4,1.069905,0.010000
2639,25,True,3,1.084093,0.010000
2640,9,True,3,1.123711,0.010000
2641,29,True,6,1.079719,0.010000
2642,40,True,5,1.128935,0.010000
2643,23,True,3,1.084862,0.010000
2644,28,True,4,1.113333,0.010000
2645,13,True,5,1.100894,0.010000
2646,39,True,4,1.100679,0.010000
2647,26,True,3,1.073613,0.010000
2648,32,True,2,1.055840,0.010000
2649,8,True,5,1.029549,0.010000
2650,49,True,4,1.098777,0.010000
2651,24,True,6,1.032766,0.010000
2652,39,True,4,1.100679,0.010000
2653,21,True,4,1.117678,0.010000
2654,46,True,6,1.225643,0.010000
2655,21,True,4,1.117678,0.010000
2656,39,True,4,1.100679,0.010000
2657,24,True,6,1.032766,0.010000
2658,22,True,5,1.131678,0.010000
2659,29,True,6,1.079719,0.010000
2660,7,True,4,0.998982,0.010000
2661,28,True,4,1.113333,0.010000
2662,19,True,7,1.107314,0.010000
2663,8,True,5,1.029549,0.010000
2664,23,True,3,1.084862,0.010000
2665,41,True,6,1.147114,0.010000
2666,21,True,4,1.117678,0.010000
2667,46,True,6,1.225643,0.010000
2668,41,True,6,1.147114,0.010000
2669,28,True,4,1.113333,0.010000
2670,16,True,3,1.071668,0.010000
2671,47,True,4,1.126014,0.010000
2672,25,True,3,1.084093,0.010000
2673,14,True,2,1.067718,0.010000
2674,11,True,2,1.020729,0.010000
2675,41,True,6,1.147114,0.010000
2676,17,True,12,0.665036,0.010000
2677,17,True,2,1.070467,0.010000
2678,34,True,8,0.967602,0.010000
2679,17,True,2,1.070467,0.010000
2680,24,True,6,1.032766,0.010000
2681,32,True,2,1.055840,0.010000
2682,12,True,3,1.071419,0.010000
2683,8,True,5,1.029549,0.010000
2684,49,True,4,1.098777,0.010000
2685,37,True,6,1.080396,0.010000
2686,49,True,5,1.020185,0.010000
2687,10,True,3,1.063850,0.010000
2688,14,True,2,1.067718,0.010000
2689,48,True,3,1.109004,0.010000
2690,26,True,3,1.073613,0.010000
2691,44,True,4,1.095060,0.010000
2692,29,True,6,1.079719,0.010000
2693,16,True,3,1.071668,0.010000
2694,32,True,2,1.055840,0.010000
2695,40,True,5,1.128935,0.010000
2696,48,True,3,1.109004,0.010000
2697,31,True,4,1.069905,0.010000
2698,27,True,6,1.150846,0.010000
2699,4,True,5,1.178257,0.010000
2700,47,True,4,1.126014,0.010000
2701,24,True,6,1.032766,0.010000
2702,37,True,6,1.080396,0.010000
2703,6,True,4,1.096971,0.010000
2704,20,True,1,1.045076,0.010000
2705,29,True,6,1.079719,0.010000
2706,36,True,1,1.028687,0.010000
2707,48,True,3,1.109004,0.010000
2708,2,True,8,0.978822,0.010000
2709,44,True,4,1.095060,0.010000
2710,6,True,4,1.096971,0.010000
2711,17,True,2,1.070467,0.010000
2712,20,True,1,1.045076,0.010000
2713,1,True,4,1.096368,0.010000
2714,33,True,4,1.092254,0.010000
2715,31,True,4,1.069905,0.010000
2716,1,True,4,1.096368,0.010000
2717,41,True,6,1.147114,0.010000
2718,22,True,5,1.131678,0.010000
2719,38,True,4,1.105579,0.010000
2720,17,True,2,1.070467,0.010000
2721,20,True,1,1.045076,0.010000
2722,45,True,5,1.153215,0.010000
2723,10,True,3,1.063850,0.010000
2724,6,True,4,1.096971,0.010000
2725,15,True,3,1.053862,0.010000
2726,35,True,5,1.106081,0.010000
2727,48,True,3,1.109004,0.010000
2728,8,True,5,1.029549,0.010000
2729,40,True,5,1.128935,0.010000
2730,2,True,5,1.073814,0.010000
2731,10,True,3,1.063850,0.010000
2732,40,True,5,1.128935,0.010000
2733,23,True,3,1.084862,0.010000
2734,36,True,1,1.028687,0.010000
2735,46,True,6,1.225643,0.010000
2736,8,True,5,1.029549,0.010000
2737,41,True,6,1.147114,0.010000
2738,31,True,4,1.069905,0.010000
2739,41,True,6,1.147114,0.010000
2740,15,True,3,1.053862,0.010000
2741,23,True,3,1.084862,0.010000
2742,27,True,6,1.150846,0.010000
2743,38,True,4,1.105579,0.010000
2744,14,True,2,1.067718,0.010000
2745,47,True,4,1.126014,0.010000
2746,24,True,6,1.032766,0.010000
2747,47,True,4,1.126014,0.010000
2748,22,True,5,1.131678,0.010000
2749,46,True,6,1.225643,0.010000
2750,44,True,4,1.095060,0.010000
2751,18,True,5,1.050794,0.010000
2752,15,True,3,1.053862,0.010000
2753,44,True,4,1.095060,0.010000
2754,18,True,5,1.050794,0.010000
2755,49,True,4,1.098777,0.010000
2756,23,True,3,1.084862,0.010000
2757,40,True,5,1.128935,0.010000
2758,4,True,5,1.178257,0.010000
2759,10,True,3,1.063850,0.010000
2760,31,True,4,1.069905,0.010000
2761,18,True,6,1.049371,0.010000
2762,34,True,6,1.059866,0.010000
2763,40,True,5,1.128935,0.010000
2764,26,True,3,1.073613,0.010000
2765,46,True,6,1.225643,0.010000
2766,36,True,1,1.028687,0.010000
2767,44,True,4,1.095060,0.010000
2768,17,True,2,1.070467,0.010000
2769,19,True,7,1.107314,0.010000
2770,37,True,6,1.080396,0.010000
2771,34,True,6,1.059866,0.010000
2772,31,True,4,1.069905,0.010000
2773,15,True,3,1.053862,0.010000
2774,37,True,6,1.080396,0.010000
2775,38,True,4,1.105579,0.010000
2776,30,True,6,1.070211,0.010000
2777,24,True,6,1.032766,0.010000
2778,30,True,6,1.070211,0.010000
2779,32,True,2,1.055840,0.010000
2780,3,True,5,1.154076,0.010000
2781,29,True,5,1.025941,0.010000
2782,43,True,6,1.124780,0.010000
2783,24,True,6,1.032766,0.010000
2784,49,True,4,1.098777,0.010000
2785,35,True,5,1.106081,0.010000
2786,38,True,4,1.105579,0.010000
2787,28,True,4,1.113333,0.010000
2788,30,True,6,1.070211,0.010000
2789,4,True,5,1.178257,0.010000
2790,29,True,6,1.079719,0.010000
2791,24,True,6,1.032766,0.010000
2792,38,True,4,1.105579,0.010000
2793,44,True,4,1.095060,0.010000
2794,25,True,3,1.084093,0.010000
2795,26,True,3,1.073613,0.010000
2796,25,True,3,1.084093,0.010000
2797,8,True,5,1.029549,0.010000
2798,4,True,5,1.178257,0.010000
2799,32,True,2,1.055840,0.010000
2800,11,True,2,1.020729,0.010000
2801,13,True,5,1.100894,0.010000
2802,13,True,9,0.900272,0.010000
2803,1,True,4,1.096368,0.010000
2804,10,True,3,1.063850,0.010000
2805,37,True,6,1.080396,0.010000
2806,38,True,4,1.105579,0.010000
2807,37,True,6,1.080396,0.010000
2808,36,True,1,1.028687,0.010000
2809,36,True,1,1.028687,0.010000
2810,26,True,3,1.073613,0.010000
2811,18,True,5,1.050794,0.010000
2812,1,True,4,1.096368,0.010000
2813,33,True,4,1.092254,0.010000
2814,1,True,4,1.096368,0.010000
2815,25,True,3,1.084093,0.010000
2816,4,True,5,1.178257,0.010000
2817,15,True,3,1.053862,0.010000
2818,45,True,5,1.153215,0.010000
2819,1,True,4,1.096368,0.010000
2820,25,True,3,1.084093,0.010000
2821,30,True,6,1.070211,0.010000
2822,49,True,4,1.098777,0.010000
2823,22,True,5,1.131678,0.010000
2824,35,True,5,1.106081,0.010000
2825,2,True,5,1.073814,0.010000
2826,8,True,5,1.029549,0.010000
2827,10,True,3,1.063850,0.010000
2828,19,True,7,1.107314,0.010000
2829,28,True,4,1.113333,0.010000
2830,3,True,5,1.154076,0.010000
2831,10,True,3,1.063850,0.010000
2832,5,True,4,1.094506,0.010000
2833,12,True,3,1.071419,0.010000
2834,15,True,3,1.053862,0.010000
2835,17,True,2,1.070467,0.010000
2836,25,True,3,1.084093,0.010000
2837,42,True,3,1.046514,0.010000
2838,39,True,4,1.100679,0.010000
2839,17,True,2,1.070467,0.010000
2840,50,True,4,1.127226,0.010000
2841,10,True,3,1.063850,0.010000
2842,9,True,3,1.123711,0.010000
2843,35,True,5,1.106081,0.010000
2844,40,True,5,1.128935,0.010000
2845,11,True,2,1.020729,0.010000
2846,17,True,2,1.070467,0.010000
2847,12,True,3,1.071419,0.010000
2848,28,True,5,1.151325,0.010000
2849,20,True,1,1.045076,0.010000
2850,10,True,3,1.063850,0.010000
2851,24,True,6,1.032766,0.010000
2852,30,True,6,1.070211,0.010000
2853,4,True,5,1.178257,0.010000
2854,45,True,5,1.153215,0.010000
2855,15,True,3,1.053862,0.010000
2856,40,True,5,1.128935,0.010000
2857,40,True,5,1.128935,0.010000
2858,46,True,6,1.225643,0.010000
2859,21,True,4,1.117678,0.010000
2860,2,True,5,1.073814,0.010000
2861,36,True,1,1.028687,0.010000
2862,38,True,4,1.105579,0.010000
2863,20,True,1,1.045076,0.010000
2864,47,True,4,1.126014,0.010000
2865,13,True,5,1.100894,0.010000
2866,22,True,5,1.131678,0.010000
2867,42,True,3,1.046514,0.010000
2868,47,True,6,1.114154,0.010000
2869,25,True,3,1.084093,0.010000
2870,15,True,3,1.053862,0.010000
2871,41,True,6,1.147114,0.010000
2872,20,True,1,1.045076,0.010000
2873,32,True,2,1.055840,0.010000
2874,1,True,4,1.096368,0.010000
2875,29,True,6,1.079719,0.010000
2876,23,True,3,1.084862,0.010000
2877,48,True,3,1.109004,0.010000
2878,10,True,3,1.063850,0.010000
2879,27,True,6,1.150846,0.010000
2880,12,True,3,1.071419,0.010000
2881,48,True,3,1.109004,0.010000
2882,40,True,5,1.128935,0.010000
2883,45,True,5,1.153215,0.010000
2884,2,True,5,1.073814,0.010000
2885,12,True,3,1.071419,0.010000
2886,13,True,5,1.100894,0.010000
2887,16,True,3,1.071668,0.010000
2888,24,True,6,1.032766,0.010000
2889,22,True,5,1.131678,0.010000
2890,32,True,2,1.055840,0.010000
2891,47,True,4,1.126014,0.010000
2892,40,True,5,1.128935,0.010000
2893,26,True,3,1.073613,0.010000
2894,16,True,3,1.071668,0.010000
2895,43,True,7,0.917511,0.010000
2896,39,True,4,1.100679,0.010000
2897,5,True,4,1.094506,0.010000
2898,7,True,4,0.998982,0.010000
2899,32,True,2,1.055840,0.010000
2900,3,True,5,1.154076,0.010000
2901,6,True,4,1.096971,0.010000
2902,22,True,5,1.131678,0.010000
2903,1,True,4,1.096368,0.010000
2904,27,True,6,1.150846,0.010000
2905,23,True,3,1.084862,0.010000
2906,17,True,2,1.070467,0.010000
2907,29,True,6,1.079719,0.010000
2908,20,True,1,1.045076,0.010000
2909,33,True,4,1.092254,0.010000
2910,28,True,4,1.113333,0.010000
2911,44,True,4,1.095060,0.010000
2912,24,True,6,1.032766,0.010000
2913,22,True,5,1.131678,0.010000
2914,37,True,6,1.080396,0.010000
2915,16,True,3,1.071668,0.010000
2916,11,True,2,1.020729,0.010000
2917,45,True,5,1.153215,0.010000
2918,45,True,5,1.153215,0.010000
2919,1,True,4,1.096368,0.010000
2920,48,True,3,1.109004,0.010000
2921,17,True,2,1.070467,0.010000
2922,22,True,5,1.131678,0.010000
2923,50,True,4,1.127226,0.010000
2924,31,True,4,1.069905,0.010000
2925,17,True,2,1.070467,0.010000
2926,13,True,5,1.100894,0.010000
2927,35,True,5,1.106081,0.010000
2928,43,True,6,1.124780,0.010000
2929,43,True,6,1.124780,0.010000
2930,49,True,4,1.098777,0.010000
2931,11,True,2,1.020729,0.010000
2932,20,True,1,1.045076,0.010000
2933,33,True,4,1.092254,0.010000
2934,43,True,6,1.124780,0.010000
2935,9,True,3,1.123711,0.010000
2936,30,True,6,1.070211,0.010000
2937,48,True,3,1.109004,0.010000
2938,1,True,4,1.096368,0.010000
2939,45,True,5,1.153215,0.010000
2940,27,True,6,1.150846,0.010000
2941,36,True,1,1.028687,0.010000
2942,33,True,4,1.092254,0.010000
2943,30,True,6,1.070211,0.010000
2944,3,True,5,1.154076,0.010000
2945,11,True,2,1.020729,0.010000
2946,23,True,3,1.084862,0.010000
2947,43,True,6,1.124780,0.010000
2948,24,True,6,1.032766,0.010000
2949,48,True,3,1.109004,0.010000
2950,49,True,4,1.098777,0.010000
2951,48,True,3,1.109004,0.010000
2952,40,True,5,1.128935,0.010000
2953,18,True,5,1.050794,0.010000
2954,24,True,6,1.032766,0.010000
2955,2,True,5,1.073814,0.010000
2956,1,True,4,1.096368,0.010000
2957,39,True,4,1.100679,0.010000
2958,26,True,3,1.073613,0.010000
2959,22,True,4,1.030929,0.010000
2960,43,True,6,1.124780,0.010000
2961,9,True,6,1.088488,0.010000
2962,49,True,4,1.098777,0.010000
2963,43,True,6,1.124780,0.010000
2964,5,True,4,1.094506,0.010000
2965,34,True,6,1.059866,0.010000
2966,49,True,4,1.098777,0.010000
2967,27,True,6,1.150846,0.010000
2968,41,True,6,1.147114,0.010000
2969,12,True,3,1.071419,0.010000
2970,49,True,4,1.098777,0.010000
2971,15,True,3,1.053862,0.010000
2972,31,True,4,1.069905,0.010000
2973,45,True,5,1.153215,0.010000
2974,25,True,3,1.084093,0.010000
2975,26,True,3,1.073613,0.010000
2976,35,True,5,1.106081,0.010000
2977,39,True,4,1.100679,0.010000
2978,17,True,2,1.070467,0.010000
2979,5,True,4,1.094506,0.010000
2980,26,True,3,1.073613,0.010000
2981,36,True,1,1.028687,0.010000
2982,14,True,2,1.067718,0.010000
2983,26,True,3,1.073613,0.010000
2984,41,True,6,1.147114,0.010000
2985,15,True,3,1.053862,0.010000
2986,12,True,7,0.994290,0.010000
2987,32,True,2,1.055840,0.010000
2988,41,True,6,1.147114,0.010000
2989,33,True,4,1.092254,0.010000
2990,14,True,2,1.067718,0.010000
2991,29,True,8,1.059649,0.010000
2992,37,True,6,1.080396,0.010000
2993,28,True,5,1.044339,0.010000
2994,5,True,5,1.047450,0.010000
2995,48,True,3,1.109004,0.010000
2996,10,True,3,1.063850,0.010000
2997,19,True,6,1.053536,0.010000
2998,46,True,6,1.225643,0.010000
2999,23,True,3,1.084862,0.010000
3000,12,True,3,1.071419,0.010000
3001,8,True,5,1.029549,0.010000
3002,26,True,3,1.073613,0.010000
3003,16,True,3,1.071668,0.010000
3004,8,True,5,1.029549,0.010000
3005,45,True,5,1.153215,0.010000
3006,39,True,4,1.100679,0.010000
3007,49,True,4,1.098777,0.010000
3008,6,True,4,1.096971,0.010000
3009,49,True,4,1.098777,0.010000
3010,4,True,16,0.516122,0.010000
3011,33,True,4,1.092254,0.010000
3012,42,True,6,0.950084,0.010000
3013,18,True,5,1.050794,0.010000
3014,20,True,1,1.045076,0.010000
3015,37,True,6,1.080396,0.010000
3016,24,True,6,1.032766,0.010000
3017,20,True,1,1.045076,0.010000
3018,45,True,5,1.153215,0.010000
3019,21,True,4,1.117678,0.010000
3020,46,True,6,1.225643,0.010000
3021,47,True,4,1.126014,0.010000
3022,30,True,6,1.070211,0.010000
3023,32,True,2,1.055840,0.010000
3024,3,True,5,1.154076,0.010000
3025,8,True,5,1.029549,0.010000
3026,50,True,4,1.127226,0.010000
3027,27,True,6,1.150846,0.010000
3028,19,True,7,1.107314,0.010000
3029,28,True,4,1.113333,0.010000
3030,32,True,2,1.055840,0.010000
3031,17,True,2,1.070467,0.010000
3032,45,True,5,1.153215,0.010000
3033,12,True,3,1.071419,0.010000
3034,44,True,4,1.095060,0.010000
3035,22,True,5,1.131678,0.010000
3036,11,True,2,1.020729,0.010000
3037,36,True,1,1.028687,0.010000
3038,49,True,4,1.098777,0.010000
3039,42,True,5,0.954249,0.010000
3040,4,True,5,1.178257,0.010000
3041,21,True,4,1.117678,0.010000
3042,10,True,3,1.063850,0.010000
3043,19,True,7,1.107314,0.010000
3044,29,True,6,1.079719,0.010000
3045,1,True,4,1.096368,0.010000
3046,10,True,3,1.063850,0.010000
3047,26,True,3,1.073613,0.010000
3048,46,True,6,1.225643,0.010000
3049,47,True,4,1.126014,0.010000
3050,37,True,6,1.080396,0.010000
3051,44,True,4,1.095060,0.010000
3052,36,True,1,1.028687,0.010000
3053,1,True,4,1.096368,0.010000
3054,31,True,4,1.069905,0.010000
3055,15,True,3,1.053862,0.010000
3056,42,True,3,1.046514,0.010000
3057,6,True,4,1.096971,0.010000
3058,2,True,5,1.073814,0.010000
3059,46,True,6,1.225643,0.010000
3060,44,True,4,1.095060,0.010000
3061,49,True,4,1.098777,0.010000
3062,26,True,3,1.073613,0.010000
3063,44,True,4,1.095060,0.010000
3064,49,True,4,1.098777,0.010000
3065,34,True,6,1.059866,0.010000
3066,18,True,5,1.050794,0.010000
3067,44,True,4,1.095060,0.010000
3068,24,True,6,1.032766,0.010000
3069,45,True,5,1.153215,0.010000
3070,37,True,6,1.080396,0.010000
3071,43,True,6,1.124780,0.010000
3072,36,True,1,1.028687,0.010000
3073,5,True,4,1.094506,0.010000
3074,1,True,4,1.096368,0.010000
3075,6,True,4,1.096971,0.010000
3076,10,True,3,1.063850,0.010000
3077,38,True,4,1.105579,0.010000
3078,49,True,4,1.098777,0.010000
3079,27,True,6,1.150846,0.010000
3080,34,True,6,1.059866,0.010000
3081,27,True,6,1.150846,0.010000
3082,30,True,6,1.070211,0.010000
3083,41,True,6,1.147114,0.010000
3084,19,True,7,1.107314,0.010000
3085,35,True,5,1.106081,0.010000
3086,15,True,3,1.053862,0.010000
3087,11,True,2,1.020729,0.010000
3088,11,True,2,1.020729,0.010000
3089,21,True,4,1.117678,0.010000
3090,29,True,6,1.079719,0.010000
3091,14,True,2,1.067718,0.010000
3092,25,True,3,1.084093,0.010000
3093,35,True,5,1.106081,0.010000
3094,10,True,5,1.115287,0.010000
3095,15,True,3,1.053862,0.010000
3096,28,True,4,1.113333,0.010000
3097,14,True,2,1.067718,0.010000
3098,14,True,2,1.067718,0.010000
3099,48,True,3,1.109004,0.010000
3100,2,True,5,1.073814,0.010000
3101,34,True,6,1.059866,0.010000
3102,24,True,6,1.032766,0.010000
3103,20,True,1,1.045076,0.010000
3104,33,True,4,1.092254,0.010000
3105,40,True,5,1.128935,0.010000
3106,11,True,2,1.020729,0.010000
3107,11,True,2,1.020729,0.010000
3108,41,True,6,1.147114,0.010000
3109,47,True,4,1.126014,0.010000
3110,36,True,1,1.028687,0.010000
3111,36,True,1,1.028687,0.010000
3112,3,True,5,1.154076,0.010000
3113,2,True,5,1.073814,0.010000
3114,30,True,6,1.070211,0.010000
3115,42,True,3,1.046514,0.010000
3116,33,True,4,1.092254,0.010000
3117,48,True,3,1.109004,0.010000
3118,50,True,4,1.127226,0.010000
3119,32,True,2,1.055840,0.010000
3120,14,True,2,1.067718,0.010000
3121,49,True,4,1.098777,0.010000
3122,13,True,5,1.100894,0.010000
3123,1,True,4,1.096368,0.010000
3124,12,True,3,1.071419,0.010000
3125,23,True,3,1.084862,0.010000
3126,31,True,4,1.069905,0.010000
3127,6,True,4,1.096971,0.010000
3128,17,True,2,1.070467,0.010000
3129,14,True,2,1.067718,0.010000
3130,28,True,4,1.113333,0.010000
3131,10,True,3,1.063850,0.010000
3132,3,True,5,1.154076,0.010000
3133,20,True,1,1.045076,0.010000
3134,13,True,5,1.100894,0.010000
3135,7,True,4,0.998982,0.010000
3136,46,True,6,1.225643,0.010000
3137,2,True,5,1.073814,0.010000
3138,2,True,5,1.073814,0.010000
3139,23,True,3,1.084862,0.010000
3140,8,True,5,1.029549,0.010000
3141,13,True,5,1.100894,0.010000
3142,26,True,3,1.073613,0.010000
3143,50,True,4,1.127226,0.010000
3144,2,True,5,1.073814,0.010000
3145,49,True,4,1.098777,0.010000
3146,39,True,4,1.100679,0.010000
3147,48,True,3,1.109004,0.010000
3148,37,True,6,1.080396,0.010000
3149,13,True,5,1.100894,0.010000
3150,24,True,6,1.032766,0.010000
3151,9,True,3,1.123711,0.010000
3152,37,True,5,0.979647,0.010000
3153,17,True,2,1.070467,0.010000
3154,46,True,6,1.225643,0.010000
3155,5,True,4,1.094506,0.010000
3156,25,True,3,1.084093,0.010000
3157,25,True,3,1.084093,0.010000
3158,18,True,5,1.050794,0.010000
3159,44,True,4,1.095060,0.010000
3160,42,True,3,1.046514,0.010000
3161,38,True,4,1.105579,0.010000
3162,25,True,3,1.084093,0.010000
3163,44,True,4,1.095060,0.010000
3164,3,True,5,1.154076,0.010000
3165,48,True,3,1.109004,0.010000
3166,37,True,6,1.080396,0.010000
3167,19,True,7,1.107314,0.010000
3168,42,True,3,1.046514,0.010000
3169,45,True,5,1.153215,0.010000
3170,46,True,6,1.225643,0.010000
3171,48,True,3,1.109004,0.010000
3172,45,True,5,1.153215,0.010000
3173,11,True,2,1.020729,0.010000
3174,43,True,6,1.124780,0.010000
3175,7,True,4,0.998982,0.010000
3176,3,True,5,1.154076,0.010000
3177,26,True,3,1.073613,0.010000
3178,4,True,5,1.178257,0.010000
3179,46,True,6,1.225643,0.010000
3180,16,True,3,1.071668,0.010000
3181,49,True,4,1.098777,0.010000
3182,10,True,3,1.063850,0.010000
3183,37,True,6,1.080396,0.010000
3184,1,True,4,1.096368,0.010000
3185,46,True,6,1.225643,0.010000
3186,39,True,4,1.100679,0.010000
3187,40,True,5,1.128935,0.010000
3188,28,True,4,1.113333,0.010000
3189,38,True,4,1.105579,0.010000
3190,49,True,4,1.098777,0.010000
3191,4,True,5,1.178257,0.010000
3192,30,True,6,1.070211,0.010000
3193,30,True,6,1.070211,0.010000
3194,26,True,3,1.073613,0.010000
3195,28,True,4,1.113333,0.010000
3196,30,True,6,1.070211,0.010000
3197,1,True,4,1.096368,0.010000
3198,1,True,4,1.096368,0.010000
3199,26,True,3,1.073613,0.010000
3200,18,True,5,1.050794,0.010000
3201,35,True,5,1.106081,0.010000
3202,30,True,6,1.070211,0.010000
3203,40,True,5,1.128935,0.010000
3204,44,True,4,1.095060,0.010000
3205,39,True,4,1.100679,0.010000
3206,26,True,3,1.073613,0.010000
3207,15,True,3,1.053862,0.010000
3208,16,True,3,1.071668,0.010000
3209,15,True,3,1.053862,0.010000
3210,7,True,4,0.998982,0.010000
3211,40,True,8,1.059655,0.010000
3212,14,True,2,1.067718,0.010000
3213,2,True,5,1.073814,0.010000
3214,43,True,6,1.124780,0.010000
3215,28,True,4,1.113333,0.010000
3216,26,True,3,1.073613,0.010000
3217,27,True,6,1.150846,0.010000
3218,39,True,4,1.100679,0.010000
3219,1,True,4,1.096368,0.010000
3220,14,True,2,1.067718,0.010000
3221,48,True,3,1.109004,0.010000
3222,28,True,4,1.113333,0.010000
3223,6,True,4,1.096971,0.010000
3224,33,True,4,1.092254,0.010000
3225,3,True,5,1.154076,0.010000
3226,39,True,4,1.100679,0.010000
3227,33,True,4,1.092254,0.010000
3228,25,True,3,1.084093,0.010000
3229,17,True,2,1.070467,0.010000
3230,43,True,6,1.124780,0.010000
3231,36,True,1,1.028687,0.010000
3232,41,True,6,1.147114,0.010000
3233,1,True,4,1.096368,0.010000
3234,31,True,4,1.069905,0.010000
3235,7,True,4,0.998982,0.010000
3236,13,True,5,1.100894,0.010000
3237,35,True,5,1.106081,0.010000
3238,39,True,4,1.100679,0.010000
3239,10,True,3,1.063850,0.010000
3240,18,True,5,1.050794,0.010000
3241,31,True,4,1.069905,0.010000
3242,17,True,2,1.070467,0.010000
3243,45,True,5,1.153215,0.010000
3244,5,True,4,1.094506,0.010000
3245,35,True,5,1.106081,0.010000
3246,21,True,4,1.117678,0.010000
3247,43,True,6,1.124780,0.010000
3248,2,True,7,0.956543,0.010000
3249,3,True,5,1.154076,0.010000
3250,17,True,2,1.070467,0.010000
3251,1,True,4,1.096368,0.010000
3252,17,True,2,1.070467,0.010000
3253,44,True,4,1.095060,0.010000
3254,6,True,4,1.096971,0.010000
3255,21,True,4,1.117678,0.010000
3256,26,True,3,1.073613,0.010000
3257,44,True,4,1.095060,0.010000
3258,25,True,3,1.084093,0.010000
3259,20,True,1,1.045076,0.010000
3260,18,True,5,1.050794,0.010000
3261,48,True,3,1.109004,0.010000
3262,9,True,3,1.123711,0.010000
3263,22,True,5,1.131678,0.010000
3264,24,True,8,0.884349,0.010000
3265,22,True,5,1.131678,0.010000
3266,10,True,3,1.063850,0.010000
3267,45,True,5,1.153215,0.010000
3268,44,True,4,1.095060,0.010000
3269,3,True,5,1.154076,0.010000
3270,33,True,4,1.092254,0.010000
3271,23,True,3,1.084862,0.010000
3272,29,True,6,1.079719,0.010000
3273,21,True,4,1.117678,0.010000
3274,34,True,6,1.059866,0.010000
3275,11,True,4,0.993733,0.010000
3276,35,True,5,1.106081,0.010000
3277,44,True,4,1.095060,0.010000
3278,26,True,3,1.073613,0.010000
3279,17,True,2,1.070467,0.010000
3280,1,True,4,1.096368,0.010000
3281,46,True,6,1.225643,0.010000
3282,18,True,5,1.050794,0.010000
3283,41,True,6,1.147114,0.010000
3284,33,True,4,1.092254,0.010000
3285,15,True,3,1.053862,0.010000
3286,14,True,2,1.067718,0.010000
3287,17,True,2,1.070467,0.010000
3288,14,True,2,1.067718,0.010000
3289,26,True,3,1.073613,0.010000
3290,2,True,5,1.073814,0.010000
3291,11,True,2,1.020729,0.010000
3292,44,True,4,1.095060,0.010000
3293,31,True,4,1.069905,0.010000
3294,1,True,4,1.096368,0.010000
3295,43,True,6,1.124780,0.010000
3296,34,True,6,1.059866,0.010000
3297,8,True,5,1.029549,0.010000
3298,25,True,3,1.084093,0.010000
3299,24,True,6,1.032766,0.010000
3300,13,True,5,1.100894,0.010000
3301,37,True,6,1.080396,0.010000
3302,36,True,1,1.028687,0.010000
3303,12,True,3,1.071419,0.010000
3304,44,True,4,1.095060,0.010000
3305,22,True,5,1.131678,0.010000
3306,17,True,2,1.070467,0.010000
3307,7,True,4,0.998982,0.010000
3308,22,True,5,1.131678,0.010000
3309,3,True,5,1.154076,0.010000
3310,4,True,5,1.178257,0.010000
3311,24,True,6,1.032766,0.010000
3312,30,True,9,0.982681,0.010000
3313,13,True,5,1.100894,0.010000
3314,18,True,5,1.050794,0.010000
3315,39,True,4,1.100679,0.010000
3316,38,True,4,1.105579,0.010000
3317,17,True,2,1.070467,0.010000
3318,17,True,2,1.070467,0.010000
3319,11,True,2,1.020729,0.010000
3320,44,True,4,1.095060,0.010000
3321,16,True,3,1.071668,0.010000
3322,34,True,6,1.059866,0.010000
3323,20,True,1,1.045076,0.010000
3324,45,True,5,1.153215,0.010000
3325,14,True,2,1.067718,0.010000
3326,7,True,4,0.998982,0.010000
3327,14,True,2,1.067718,0.010000
3328,18,True,5,1.050794,0.010000
3329,37,True,6,1.080396,0.010000
3330,28,True,4,1.113333,0.010000
3331,38,True,4,1.105579,0.010000
3332,28,True,4,1.113333,0.010000
3333,34,True,6,1.059866,0.010000
3334,22,True,5,1.131678,0.010000
3335,7,True,4,0.998982,0.010000
3336,44,True,4,1.095060,0.010000
3337,32,True,2,1.055840,0.010000
3338,42,True,3,1.046514,0.010000
3339,30,True,6,1.070211,0.010000
3340,22,True,5,1.131678,0.010000
3341,8,True,5,1.029549,0.010000
3342,48,True,3,1.109004,0.010000
3343,48,True,3,1.109004,0.010000
3344,30,True,6,1.070211,0.010000
3345,25,True,3,1.084093,0.010000
3346,26,True,3,1.073613,0.010000
3347,23,True,3,1.084862,0.010000
3348,2,True,5,1.073814,0.010000
3349,45,True,5,1.153215,0.010000
3350,37,True,6,1.080396,0.010000
3351,39,True,4,1.100679,0.010000
3352,16,True,3,1.071668,0.010000
3353,10,True,3,1.063850,0.010000
3354,9,True,3,1.123711,0.010000
3355,42,True,3,1.046514,0.010000
3356,38,True,4,1.105579,0.010000
3357,48,True,3,1.109004,0.010000
3358,33,True,4,1.092254,0.010000
3359,27,True,6,1.150846,0.010000
3360,24,True,6,1.032766,0.010000
3361,18,True,5,1.050794,0.010000
3362,31,True,4,1.069905,0.010000
3363,36,True,1,1.028687,0.010000
3364,30,True,6,1.070211,0.010000
3365,22,True,5,1.131678,0.010000
3366,32,True,2,1.055840,0.010000
3367,5,True,4,1.094506,0.010000
3368,4,True,5,1.178257,0.010000
3369,28,True,4,1.113333,0.010000
3370,27,True,6,1.150846,0.010000
3371,31,True,4,1.069905,0.010000
3372,38,True,4,1.105579,0.010000
3373,3,True,5,1.154076,0.010000
3374,7,True,4,0.998982,0.010000
3375,44,True,4,1.095060,0.010000
3376,43,True,6,1.124780,0.010000
3377,34,True,6,1.059866,0.010000
3378,12,True,3,1.071419,0.010000
3379,20,True,1,1.045076,0.010000
3380,17,True,2,1.070467,0.010000
3381,49,True,4,1.098777,0.010000
3382,29,True,6,1.079719,0.010000
3383,37,True,6,1.080396,0.010000
3384,41,True,6,1.147114,0.010000
3385,9,True,3,1.123711,0.010000
3386,9,True,3,1.123711,0.010000
3387,4,True,5,1.178257,0.010000
3388,4,True,5,1.178257,0.010000
3389,30,True,6,1.070211,0.010000
3390,14,True,2,1.067718,0.010000
3391,24,True,6,1.032766,0.010000
3392,29,True,6,1.079719,0.010000
3393,22,True,5,1.131678,0.010000
3394,12,True,3,1.071419,0.010000
3395,12,True,3,1.071419,0.010000
3396,1,True,4,1.096368,0.010000
3397,34,True,6,1.059866,0.010000
3398,23,True,3,1.084862,0.010000
3399,21,True,4,1.117678,0.010000
3400,8,True,5,1.029549,0.010000
3401,30,True,6,1.070211,0.010000
3402,27,True,6,1.150846,0.010000
3403,49,True,4,1.098777,0.010000
3404,44,True,4,1.095060,0.010000
3405,23,True,3,1.084862,0.010000
3406,21,True,4,1.117678,0.010000
3407,45,True,5,1.153215,0.010000
3408,2,True,5,1.073814,0.010000
3409,29,True,6,1.079719,0.010000
3410,41,True,6,1.147114,0.010000
3411,50,True,4,1.127226,0.010000
3412,27,True,7,1.103789,0.010000
3413,8,True,5,1.029549,0.010000
3414,29,True,6,1.079719,0.010000
3415,30,True,6,1.070211,0.010000
3416,4,True,5,1.178257,0.010000
3417,25,True,3,1.084093,0.010000
3418,25,True,3,1.084093,0.010000
3419,37,True,6,1.080396,0.010000
3420,31,True,4,1.069905,0.010000
3421,41,True,6,1.147114,0.010000
3422,38,True,4,1.105579,0.010000
3423,4,True,5,1.178257,0.010000
3424,32,True,2,1.055840,0.010000
3425,9,True,3,1.123711,0.010000
3426,28,True,4,1.113333,0.010000
3427,39,True,4,1.100679,0.010000
3428,14,True,2,1.067718,0.010000
3429,19,True,7,1.107314,0.010000
3430,36,True,1,1.028687,0.010000
3431,32,True,2,1.055840,0.010000
3432,32,True,2,1.055840,0.010000
3433,42,True,3,1.046514,0.010000
3434,49,True,4,1.098777,0.010000
3435,17,True,2,1.070467,0.010000
3436,8,True,5,1.029549,0.010000
3437,49,True,4,1.098777,0.010000
3438,22,True,5,1.131678,0.010000
3439,8,True,5,1.029549,0.010000
3440,9,True,3,1.123711,0.010000
3441,1,True,4,1.096368,0.010000
3442,45,True,5,1.153215,0.010000
3443,20,True,1,1.045076,0.010000
3444,23,True,3,1.084862,0.010000
3445,38,True,4,1.105579,0.010000
3446,29,True,6,1.079719,0.010000
3447,21,True,4,1.117678,0.010000
3448,2,True,5,1.073814,0.010000
3449,7,True,4,0.998982,0.010000
3450,49,True,4,1.098777,0.010000
3451,7,True,4,0.998982,0.010000
3452,27,True,10,1.018685,0.010000
3453,37,True,6,1.080396,0.010000
3454,17,True,2,1.070467,0.010000
3455,27,True,6,1.150846,0.010000
3456,48,True,3,1.109004,0.010000
3457,5,True,4,1.094506,0.010000
3458,18,True,5,1.050794,0.010000
3459,22,True,5,1.131678,0.010000
3460,46,True,6,1.225643,0.010000
3461,33,True,4,1.092254,0.010000
3462,37,True,5,0.979647,0.010000
3463,7,True,4,0.998982,0.010000
3464,26,True,3,1.073613,0.010000
3465,16,True,3,1.071668,0.010000
3466,27,True,6,1.150846,0.010000
3467,13,True,5,1.100894,0.010000
3468,19,True,7,1.107314,0.010000
3469,1,True,4,1.096368,0.010000
3470,29,True,6,1.079719,0.010000
3471,20,True,1,1.045076,0.010000
3472,32,True,2,1.055840,0.010000
3473,12,True,3,1.071419,0.010000
3474,5,True,4,1.094506,0.010000
3475,23,True,3,1.084862,0.010000
3476,38,True,4,1.105579,0.010000
3477,36,True,1,1.028687,0.010000
3478,33,True,4,1.092254,0.010000
3479,34,True,6,1.059866,0.010000
3480,6,True,4,1.096971,0.010000
3481,23,True,11,0.897643,0.010000
3482,5,True,4,1.094506,0.010000
3483,38,True,4,1.105579,0.010000
3484,19,True,7,1.107314,0.010000
3485,15,True,3,1.053862,0.010000
3486,47,True,4,1.126014,0.010000
3487,9,True,3,1.123711,0.010000
3488,46,True,6,1.225643,0.010000
3489,9,True,3,1.123711,0.010000
3490,38,True,4,1.105579,0.010000
3491,16,True,3,1.071668,0.010000
3492,4,True,5,1.178257,0.010000
3493,16,True,3,1.071668,0.010000
3494,3,True,5,1.154076,0.010000
3495,5,True,4,1.094506,0.010000
3496,1,True,4,1.096368,0.010000
3497,14,True,2,1.067718,0.010000
3498,3,True,4,1.158780,0.010000
3499,41,True,6,1.147114,0.010000
3500,44,True,4,1.095060,0.010000
3501,32,True,2,1.055840,0.010000
3502,46,True,6,1.225643,0.010000
3503,14,True,2,1.067718,0.010000
3504,40,True,5,1.128935,0.010000
3505,33,True,4,1.092254,0.010000
3506,32,True,2,1.055840,0.010000
3507,16,True,3,1.071668,0.010000
3508,40,True,5,1.128935,0.010000
3509,20,True,1,1.045076,0.010000
3510,38,True,4,1.105579,0.010000
3511,27,True,6,1.150846,0.010000
3512,23,True,3,1.084862,0.010000
3513,19,True,7,1.107314,0.010000
3514,50,True,4,1.127226,0.010000
3515,8,True,5,1.029549,0.010000
3516,7,True,4,0.998982,0.010000
3517,17,True,2,1.070467,0.010000
3518,50,True,4,1.127226,0.010000
3519,2,True,5,1.073814,0.010000
3520,15,True,3,1.053862,0.010000
3521,43,True,6,1.124780,0.010000
3522,30,True,6,1.070211,0.010000
3523,50,True,4,1.127226,0.010000
3524,7,True,4,0.998982,0.010000
3525,18,True,5,1.050794,0.010000
3526,14,True,2,1.067718,0.010000
3527,14,True,2,1.067718,0.010000
3528,8,True,5,1.029549,0.010000
3529,4,True,5,1.178257,0.010000
3530,42,True,3,1.046514,0.010000
3531,43,True,6,1.124780,0.010000
3532,35,True,5,1.106081,0.010000
3533,47,True,4,1.126014,0.010000
3534,13,True,5,1.100894,0.010000
3535,33,True,4,1.092254,0.010000
3536,38,True,4,1.105579,0.010000
3537,12,True,3,1.071419,0.010000
3538,37,True,6,1.080396,0.010000
3539,9,True,3,1.123711,0.010000
3540,30,True,6,1.070211,0.010000
3541,2,True,5,1.073814,0.010000
3542,10,True,3,1.063850,0.010000
3543,9,True,3,1.123711,0.010000
3544,50,True,4,1.127226,0.010000
3545,18,True,5,1.050794,0.010000
3546,37,True,6,1.080396,0.010000
3547,47,True,4,1.126014,0.010000
3548,10,True,3,1.063850,0.010000
3549,26,True,3,1.073613,0.010000
3550,46,True,6,1.225643,0.010000
3551,33,True,5,0.999644,0.010000
3552,3,True,5,1.154076,0.010000
3553,32,True,2,1.055840,0.010000
3554,21,True,4,1.117678,0.010000
3555,46,True,6,1.225643,0.010000
3556,5,True,4,1.094506,0.010000
3557,14,True,2,1.067718,0.010000
3558,31,True,4,1.069905,0.010000
3559,15,True,3,1.053862,0.010000
3560,29,True,6,1.079719,0.010000
3561,50,True,4,1.127226,0.010000
3562,35,True,5,1.106081,0.010000
3563,49,True,4,1.098777,0.010000
3564,9,True,3,1.123711,0.010000
3565,30,True,6,1.070211,0.010000
3566,22,True,5,1.131678,0.010000
3567,34,True,6,1.059866,0.010000
3568,12,True,3,1.071419,0.010000
3569,29,True,6,1.079719,0.010000
3570,49,True,4,1.098777,0.010000
3571,17,True,2,1.070467,0.010000
3572,37,True,6,1.080396,0.010000
3573,18,True,5,1.050794,0.010000
3574,40,True,5,1.128935,0.010000
3575,8,True,5,1.029549,0.010000
3576,29,True,5,1.025941,0.010000
3577,28,True,4,1.113333,0.010000
3578,22,True,5,1.131678,0.010000
3579,2,True,5,1.073814,0.010000
3580,22,True,5,1.131678,0.010000
3581,45,True,5,1.153215,0.010000
3582,9,True,3,1.123711,0.010000
3583,47,True,4,1.126014,0.010000
3584,7,True,4,0.998982,0.010000
3585,47,True,4,1.126014,0.010000
3586,16,True,3,1.071668,0.010000
3587,46,True,6,1.225643,0.010000
3588,20,True,1,1.045076,0.010000
3589,32,True,2,1.055840,0.010000
3590,7,True,4,0.998982,0.010000
3591,9,True,3,1.123711,0.010000
3592,1,True,4,1.096368,0.010000
3593,33,True,4,1.092254,0.010000
3594,42,True,5,0.954249,0.010000
3595,24,True,6,1.032766,0.010000
3596,31,True,6,0.977640,0.010000
3597,12,True,3,1.071419,0.010000
3598,10,True,3,1.063850,0.010000
3599,5,True,4,1.094506,0.010000
3600,44,True,4,1.095060,0.010000
3601,20,True,1,1.045076,0.010000
3602,13,True,5,1.100894,0.010000
3603,16,True,3,1.071668,0.010000
3604,43,True,6,1.124780,0.010000
3605,7,True,4,0.998982,0.010000
3606,21,True,4,1.117678,0.010000
3607,43,True,6,1.124780,0.010000
3608,46,True,6,1.225643,0.010000
3609,50,True,4,1.127226,0.010000
3610,46,True,6,1.225643,0.010000
3611,37,True,6,1.080396,0.010000
3612,1,True,4,1.096368,0.010000
3613,41,True,6,1.147114,0.010000
3614,26,True,3,1.073613,0.010000
3615,3,True,5,1.154076,0.010000
3616,16,True,3,1.071668,0.010000
3617,11,True,2,1.020729,0.010000
3618,49,True,4,1.098777,0.010000
3619,12,True,3,1.071419,0.010000
3620,13,True,5,1.100894,0.010000
3621,9,True,3,1.123711,0.010000
3622,22,True,5,1.131678,0.010000
3623,19,True,7,1.107314,0.010000
3624,9,True,3,1.123711,0.010000
3625,15,True,3,1.053862,0.010000
3626,33,True,4,1.092254,0.010000
3627,15,True,3,1.053862,0.010000
3628,23,True,3,1.084862,0.010000
3629,6,True,4,1.096971,0.010000
3630,42,True,6,0.906334,0.010000
3631,17,True,2,1.070467,0.010000
3632,38,True,4,1.105579,0.010000
3633,29,True,6,1.079719,0.010000
3634,13,True,5,1.100894,0.010000
3635,22,True,5,1.131678,0.010000
3636,31,True,4,1.069905,0.010000
3637,15,True,3,1.053862,0.010000
3638,34,True,6,1.059866,0.010000
3639,33,True,4,1.092254,0.010000
3640,21,True,4,1.117678,0.010000
3641,12,True,3,1.071419,0.010000
3642,1,True,4,1.096368,0.010000
3643,38,True,4,1.105579,0.010000
3644,5,True,4,1.094506,0.010000
3645,15,True,3,1.053862,0.010000
3646,24,True,6,1.032766,0.010000
3647,36,True,1,1.028687,0.010000
3648,28,True,4,1.113333,0.010000
3649,43,True,6,1.124780,0.010000
3650,26,True,3,1.073613,0.010000
3651,44,True,4,1.095060,0.010000
3652,34,True,6,1.059866,0.010000
3653,21,True,4,1.117678,0.010000
3654,31,True,4,1.069905,0.010000
3655,28,True,4,1.113333,0.010000
3656,6,True,4,1.096971,0.010000
3657,40,True,5,1.128935,0.010000
3658,40,True,5,1.128935,0.010000
3659,7,True,4,0.998982,0.010000
3660,42,True,3,1.046514,0.010000
3661,41,True,6,1.147114,0.010000
3662,41,True,6,1.147114,0.010000
3663,50,True,4,1.127226,0.010000
3664,31,True,4,1.069905,0.010000
3665,32,True,2,1.055840,0.010000
3666,1,True,4,1.096368,0.010000
3667,49,True,4,1.098777,0.010000
3668,8,True,5,1.029549,0.010000
3669,1,True,4,1.096368,0.010000
3670,43,True,6,1.124780,0.010000
3671,2,True,5,1.073814,0.010000
3672,25,True,3,1.084093,0.010000
3673,15,True,3,1.053862,0.010000
3674,34,True,6,1.059866,0.010000
3675,30,True,6,1.070211,0.010000
3676,50,True,4,1.127226,0.010000
3677,19,True,10,0.967135,0.010000
3678,4,True,5,1.178257,0.010000
3679,2,True,5,1.073814,0.010000
3680,6,True,4,1.096971,0.010000
3681,36,True,1,1.028687,0.010000
3682,8,True,5,1.029549,0.010000
3683,13,True,5,1.100894,0.010000
3684,44,True,4,1.095060,0.010000
3685,18,True,5,1.050794,0.010000
3686,48,True,3,1.109004,0.010000
3687,16,True,3,1.071668,0.010000
3688,22,True,5,1.131678,0.010000
3689,48,True,3,1.109004,0.010000
3690,28,True,4,1.113333,0.010000
3691,9,True,3,1.123711,0.010000
3692,15,True,3,1.053862,0.010000
3693,47,True,4,1.126014,0.010000
3694,46,True,6,1.225643,0.010000
3695,2,True,5,1.073814,0.010000
3696,35,True,5,1.106081,0.010000
3697,9,True,3,1.123711,0.010000
3698,11,True,2,1.020729,0.010000
3699,15,True,3,1.053862,0.010000
3700,7,True,4,0.998982,0.010000
3701,45,True,5,1.153215,0.010000
3702,13,True,5,1.100894,0.010000
3703,10,True,3,1.063850,0.010000
3704,19,True,7,1.107314,0.010000
3705,11,True,2,1.020729,0.010000
3706,18,True,5,1.050794,0.010000
3707,14,True,2,1.067718,0.010000
3708,24,True,6,1.032766,0.010000
3709,37,True,6,1.080396,0.010000
3710,9,True,3,1.123711,0.010000
3711,11,True,2,1.020729,0.010000
3712,18,True,5,1.050794,0.010000
3713,20,True,1,1.045076,0.010000
3714,5,True,4,1.094506,0.010000
3715,29,True,9,0.939539,0.010000
3716,33,True,4,1.092254,0.010000
3717,48,True,3,1.109004,0.010000
3718,49,True,4,1.098777,0.010000
3719,6,True,4,1.096971,0.010000
3720,11,True,2,1.020729,0.010000
3721,38,True,4,1.105579,0.010000
3722,14,True,2,1.067718,0.010000
3723,38,True,4,1.105579,0.010000
3724,2,True,5,1.073814,0.010000
3725,37,True,6,1.080396,0.010000
3726,40,True,5,1.128935,0.010000
3727,11,True,2,1.020729,0.010000
3728,25,True,3,1.084093,0.010000
3729,9,True,3,1.123711,0.010000
3730,21,True,4,1.117678,0.010000
3731,3,True,5,1.154076,0.010000
3732,36,True,1,1.028687,0.010000
3733,47,True,4,1.126014,0.010000
3734,27,True,6,1.150846,0.010000
3735,21,True,4,1.117678,0.010000
3736,43,True,6,1.124780,0.010000
3737,10,True,3,1.063850,0.010000
3738,5,True,4,1.094506,0.010000
3739,27,True,6,1.150846,0.010000
3740,5,True,4,1.094506,0.010000
3741,39,True,4,1.100679,0.010000
3742,4,True,5,1.178257,0.010000
3743,16,True,3,1.071668,0.010000
3744,6,True,4,1.096971,0.010000
3745,47,True,4,1.126014,0.010000
3746,22,True,5,1.131678,0.010000
3747,40,True,5,1.128935,0.010000
3748,14,True,2,1.067718,0.010000
3749,13,True,5,1.100894,0.010000
3750,30,True,6,1.070211,0.010000
3751,48,True,3,1.109004,0.010000
3752,27,True,6,1.150846,0.010000
3753,28,True,4,1.113333,0.010000
3754,33,True,4,1.092254,0.010000
3755,38,True,4,1.105579,0.010000
3756,40,True,5,1.128935,0.010000
3757,10,True,3,1.063850,0.010000
3758,20,True,1,1.045076,0.010000
3759,32,True,2,1.055840,0.010000
3760,5,True,4,1.094506,0.010000
3761,25,True,3,1.084093,0.010000
3762,49,True,4,1.098777,0.010000
3763,43,True,6,1.124780,0.010000
3764,15,True,3,1.053862,0.010000
3765,25,True,3,1.084093,0.010000
3766,42,True,3,1.046514,0.010000
3767,6,True,4,1.096971,0.010000
3768,8,True,5,1.029549,0.010000
3769,27,True,6,1.150846,0.010000
3770,15,True,3,1.053862,0.010000
3771,24,True,6,1.032766,0.010000
3772,48,True,3,1.109004,0.010000
3773,48,True,3,1.109004,0.010000
3774,41,True,6,1.147114,0.010000
3775,9,True,3,1.123711,0.010000
3776,14,True,2,1.067718,0.010000
3777,16,True,3,1.071668,0.010000
3778,25,True,4,1.090894,0.010000
3779,14,True,2,1.067718,0.010000
3780,26,True,3,1.073613,0.010000
3781,20,True,1,1.045076,0.010000
3782,14,True,2,1.067718,0.010000
3783,14,True,2,1.067718,0.010000
3784,46,True,6,1.225643,0.010000
3785,35,True,5,1.106081,0.010000
3786,42,True,3,1.046514,0.010000
3787,33,True,4,1.092254,0.010000
3788,25,True,3,1.084093,0.010000
3789,42,True,3,1.046514,0.010000
3790,22,True,5,1.131678,0.010000
3791,15,True,3,1.053862,0.010000
3792,43,True,6,1.124780,0.010000
3793,4,True,5,1.178257,0.010000
3794,22,True,5,1.131678,0.010000
3795,1,True,4,1.096368,0.010000
3796,37,True,6,1.080396,0.010000
3797,7,True,4,0.998982,0.010000
3798,38,True,4,1.105579,0.010000
3799,26,True,3,1.073613,0.010000
3800,2,True,5,1.073814,0.010000
3801,14,True,2,1.067718,0.010000
3802,25,True,3,1.084093,0.010000
3803,2,True,5,1.073814,0.010000
3804,9,True,3,1.066940,0.010000
3805,36,True,1,1.028687,0.010000
3806,5,True,4,1.094506,0.010000
3807,13,True,9,0.945869,0.010000
3808,38,True,4,1.105579,0.010000
3809,5,True,4,1.094506,0.010000
3810,48,True,3,1.109004,0.010000
3811,11,True,2,1.020729,0.010000
3812,28,True,4,1.113333,0.010000
3813,34,True,6,1.059866,0.010000
3814,38,True,4,1.105579,0.010000
3815,41,True,6,1.147114,0.010000
3816,37,True,6,1.080396,0.010000
3817,23,True,3,1.084862,0.010000
3818,39,True,4,1.100679,0.010000
3819,21,True,4,1.117678,0.010000
3820,44,True,4,1.095060,0.010000
3821,5,True,4,1.094506,0.010000
3822,19,True,7,1.107314,0.010000
3823,16,True,3,1.071668,0.010000
3824,36,True,1,1.028687,0.010000
3825,15,True,3,1.053862,0.010000
3826,22,True,5,1.131678,0.010000
3827,4,True,5,1.178257,0.010000
3828,14,True,2,1.067718,0.010000
3829,8,True,5,1.029549,0.010000
3830,5,True,4,1.094506,0.010000
3831,45,True,5,1.153215,0.010000
3832,44,True,4,1.095060,0.010000
3833,46,True,6,1.225643,0.010000
3834,5,True,4,1.094506,0.010000
3835,43,True,6,1.124780,0.010000
3836,49,True,4,1.098777,0.010000
3837,14,True,2,1.067718,0.010000
3838,9,True,3,1.123711,0.010000
3839,47,True,4,1.126014,0.010000
3840,44,True,4,1.095060,0.010000
3841,38,True,4,1.105579,0.010000
3842,14,True,2,1.067718,0.010000
3843,31,True,4,1.069905,0.010000
3844,8,True,5,1.029549,0.010000
3845,49,True,4,1.098777,0.010000
3846,33,True,4,1.092254,0.010000
3847,6,True,4,1.096971,0.010000
3848,33,True,4,1.092254,0.010000
3849,38,True,4,1.105579,0.010000
3850,13,True,5,1.100894,0.010000
3851,20,True,1,1.045076,0.010000
3852,44,True,4,1.095060,0.010000
3853,26,True,3,1.073613,0.010000
3854,2,True,5,1.073814,0.010000
3855,16,True,3,1.071668,0.010000
3856,43,True,6,1.124780,0.010000
3857,4,True,5,1.178257,0.010000
3858,21,True,4,1.117678,0.010000
3859,5,True,4,1.094506,0.010000
3860,48,True,3,1.109004,0.010000
3861,27,True,6,1.150846,0.010000
3862,5,True,4,1.094506,0.010000
3863,15,True,3,1.053862,0.010000
3864,44,True,4,1.095060,0.010000
3865,30,True,6,1.070211,0.010000
3866,23,True,3,1.084862,0.010000
3867,35,True,5,1.106081,0.010000
3868,11,True,2,1.020729,0.010000
3869,11,True,8,0.837040,0.010000
3870,11,True,2,1.020729,0.010000
3871,31,True,4,1.069905,0.010000
3872,45,True,5,1.153215,0.010000
3873,19,True,7,1.107314,0.010000
3874,34,True,6,1.059866,0.010000
3875,49,True,4,1.098777,0.010000
3876,14,True,2,1.067718,0.010000
3877,31,True,4,1.069905,0.010000
3878,17,True,2,1.070467,0.010000
3879,23,True,3,1.084862,0.010000
3880,49,True,4,1.098777,0.010000
3881,26,True,3,1.073613,0.010000
3882,1,True,4,1.096368,0.010000
3883,35,True,6,1.063481,0.010000
3884,24,True,6,1.032766,0.010000
3885,30,True,6,1.070211,0.010000
3886,1,True,4,1.096368,0.010000
3887,13,True,5,1.100894,0.010000
3888,47,True,4,1.126014,0.010000
3889,18,True,5,1.050794,0.010000
3890,22,True,5,1.131678,0.010000
3891,14,True,2,1.067718,0.010000
3892,4,True,5,1.178257,0.010000
3893,14,True,2,1.067718,0.010000
3894,43,True,6,1.124780,0.010000
3895,8,True,5,1.029549,0.010000
3896,45,True,5,1.153215,0.010000
3897,42,True,3,1.046514,0.010000
3898,7,True,4,0.998982,0.010000
3899,4,True,5,1.178257,0.010000
3900,32,True,2,1.055840,0.010000
3901,17,True,2,1.070467,0.010000
3902,1,True,4,1.019990,0.010000
3903,4,True,5,1.178257,0.010000
3904,12,True,3,1.071419,0.010000
3905,48,True,3,1.109004,0.010000
3906,8,True,5,1.029549,0.010000
3907,33,True,4,1.092254,0.010000
3908,45,True,5,1.153215,0.010000
3909,1,True,4,1.096368,0.010000
3910,23,True,3,1.084862,0.010000
3911,27,True,6,1.150846,0.010000
3912,14,True,4,1.063675,0.010000
3913,45,True,5,1.153215,0.010000
3914,3,True,5,1.154076,0.010000
3915,18,True,5,1.050794,0.010000
3916,44,True,4,1.095060,0.010000
3917,26,True,3,1.073613,0.010000
3918,10,True,3,1.063850,0.010000
3919,26,True,3,1.073613,0.010000
3920,18,True,5,1.050794,0.010000
3921,5,True,4,1.094506,0.010000
3922,15,True,3,1.053862,0.010000
3923,19,True,10,1.012322,0.010000
3924,50,True,4,1.127226,0.010000
3925,21,True,4,1.117678,0.010000
3926,31,True,4,1.069905,0.010000
3927,38,True,4,1.105579,0.010000
3928,22,True,5,1.131678,0.010000
3929,26,True,3,1.073613,0.010000
3930,50,True,4,1.127226,0.010000
3931,3,True,5,1.154076,0.010000
3932,3,True,5,1.154076,0.010000
3933,49,True,5,0.891508,0.010000
3934,35,True,5,1.106081,0.010000
3935,45,True,5,1.153215,0.010000
3936,50,True,4,1.127226,0.010000
3937,41,True,6,1.147114,0.010000
3938,26,True,3,1.073613,0.010000
3939,38,False,7,-1.161982,0.010000
3940,32,True,2,1.055840,0.010000
3941,23,True,3,1.084862,0.010000
3942,4,True,5,1.178257,0.010000
3943,13,True,5,1.100894,0.010000
3944,12,True,3,1.071419,0.010000
3945,32,True,2,1.055840,0.010000
3946,45,True,5,1.153215,0.010000
3947,10,True,3,1.063850,0.010000
3948,38,True,4,1.105579,0.010000
3949,10,True,3,1.063850,0.010000
3950,6,True,4,1.096971,0.010000
3951,22,True,5,1.131678,0.010000
3952,32,True,2,1.055840,0.010000
3953,24,True,6,1.032766,0.010000
3954,45,True,5,1.153215,0.010000
3955,43,True,6,1.124780,0.010000
3956,6,True,4,1.096971,0.010000
3957,26,True,3,1.073613,0.010000
3958,40,True,5,1.128935,0.010000
3959,9,True,3,1.123711,0.010000
3960,30,True,6,1.070211,0.010000
3961,34,True,6,1.059866,0.010000
3962,12,True,3,1.071419,0.010000
3963,24,True,6,1.032766,0.010000
3964,9,True,3,1.123711,0.010000
3965,27,True,6,1.150846,0.010000
3966,48,True,3,1.109004,0.010000
3967,50,True,4,1.127226,0.010000
3968,15,True,3,1.053862,0.010000
3969,30,True,6,1.070211,0.010000
3970,44,True,4,1.095060,0.010000
3971,2,True,5,1.073814,0.010000
3972,6,True,4,1.096971,0.010000
3973,29,True,5,1.049121,0.010000
3974,12,True,3,1.071419,0.010000
3975,28,True,4,1.113333,0.010000
3976,38,True,4,1.105579,0.010000
3977,21,True,4,1.117678,0.010000
3978,47,True,4,1.126014,0.010000
3979,43,True,7,0.984965,0.010000
3980,6,True,4,1.096971,0.010000
3981,39,True,4,1.100679,0.010000
3982,24,True,6,1.032766,0.010000
3983,21,True,4,1.117678,0.010000
3984,48,True,3,1.109004,0.010000
3985,30,True,6,1.070211,0.010000
3986,7,True,4,0.998982,0.010000
3987,38,True,4,1.105579,0.010000
3988,13,True,5,1.100894,0.010000
3989,48,True,3,1.109004,0.010000
3990,49,True,4,1.098777,0.010000
3991,11,True,2,1.020729,0.010000
3992,38,True,4,1.105579,0.010000
3993,31,True,4,1.069905,0.010000
3994,31,True,4,0.917851,0.010000
3995,26,True,3,1.073613,0.010000
3996,5,True,4,1.094506,0.010000
3997,34,True,6,1.059866,0.010000
3998,24,True,6,1.032766,0.010000
3999,16,True,3,1.071668,0.010000
4000,7,True,4,0.998982,0.010000
4001,48,True,3,1.109004,0.010000
4002,44,True,4,1.095060,0.010000
4003,47,True,4,1.126014,0.010000
4004,49,True,4,1.098777,0.010000
4005,32,True,2,1.055840,0.010000
4006,6,True,4,1.096971,0.010000
4007,25,True,3,1.084093,0.010000
4008,29,True,6,1.079719,0.010000
4009,23,True,3,1.084862,0.010000
4010,16,True,3,1.071668,0.010000
4011,1,True,4,1.096368,0.010000
4012,11,True,2,1.020729,0.010000
4013,29,True,6,1.079719,0.010000
4014,14,True,2,1.067718,0.010000
4015,33,True,4,1.092254,0.010000
4016,17,True,2,1.070467,0.010000
4017,16,True,3,1.071668,0.010000
4018,31,True,4,1.069905,0.010000
4019,24,True,6,1.032766,0.010000
4020,39,True,4,1.100679,0.010000
4021,29,True,6,1.079719,0.010000
4022,43,True,6,1.124780,0.010000
4023,24,True,6,1.032766,0.010000
4024,39,True,4,1.100679,0.010000
4025,50,True,4,1.127226,0.010000
4026,30,True,6,1.070211,0.010000
4027,49,True,4,1.098777,0.010000
4028,11,True,2,1.020729,0.010000
4029,29,True,6,1.079719,0.010000
4030,40,True,5,1.128935,0.010000
4031,11,True,2,1.020729,0.010000
4032,43,True,9,0.879911,0.010000
4033,48,True,3,1.109004,0.010000
4034,39,True,4,1.100679,0.010000
4035,36,True,1,1.028687,0.010000
4036,12,True,3,1.071419,0.010000
4037,20,True,1,1.045076,0.010000
4038,7,True,4,0.998982,0.010000
4039,34,True,6,1.059866,0.010000
4040,28,True,4,1.113333,0.010000
4041,37,True,6,1.080396,0.010000
4042,19,True,7,1.107314,0.010000
4043,41,True,6,1.147114,0.010000
4044,26,True,3,1.073613,0.010000
4045,41,True,6,1.147114,0.010000
4046,22,True,5,1.131678,0.010000
4047,20,True,1,1.045076,0.010000
4048,40,True,5,1.128935,0.010000
4049,26,True,3,1.073613,0.010000
4050,32,True,2,1.055840,0.010000
4051,49,True,4,1.098777,0.010000
4052,50,True,4,1.127226,0.010000
4053,32,True,2,1.055840,0.010000
4054,44,True,4,1.095060,0.010000
4055,1,True,4,1.096368,0.010000
4056,15,True,3,1.053862,0.010000
4057,24,True,6,1.032766,0.010000
4058,15,True,3,1.053862,0.010000
4059,49,True,4,1.098777,0.010000
4060,41,True,6,1.147114,0.010000
4061,12,True,3,1.071419,0.010000
4062,22,True,5,1.131678,0.010000
4063,39,True,4,1.100679,0.010000
4064,15,True,3,1.053862,0.010000
4065,28,True,4,1.113333,0.010000
4066,20,True,1,1.045076,0.010000
4067,43,True,9,1.029788,0.010000
4068,6,True,4,1.096971,0.010000
4069,8,True,5,1.029549,0.010000
4070,50,True,4,1.127226,0.010000
4071,42,True,3,1.046514,0.010000
4072,10,True,3,1.063850,0.010000
4073,32,True,2,1.055840,0.010000
4074,10,True,3,1.063850,0.010000
4075,9,True,3,1.123711,0.010000
4076,33,True,4,1.092254,0.010000
4077,49,True,4,1.098777,0.010000
4078,27,True,6,1.150846,0.010000
4079,29,True,6,1.079719,0.010000
4080,22,True,5,1.131678,0.010000
4081,26,True,3,1.073613,0.010000
4082,8,True,5,1.029549,0.010000
4083,37,True,6,1.080396,0.010000
4084,33,True,4,1.092254,0.010000
4085,27,True,6,1.150846,0.010000
4086,28,True,4,1.113333,0.010000
4087,34,True,6,1.059866,0.010000
4088,42,True,3,1.046514,0.010000
4089,35,True,5,1.106081,0.010000
4090,4,True,5,1.178257,0.010000
4091,2,True,5,1.073814,0.010000
4092,32,True,2,1.055840,0.010000
4093,40,True,5,1.128935,0.010000
4094,12,True,3,1.071419,0.010000
4095,17,True,2,1.070467,0.010000
4096,36,True,1,1.028687,0.010000
4097,32,True,2,1.055840,0.010000
4098,33,True,4,1.092254,0.010000
4099,48,True,3,1.109004,0.010000
4100,31,True,4,1.069905,0.010000
4101,35,True,5,1.106081,0.010000
4102,47,True,4,1.126014,0.010000
4103,38,True,4,1.105579,0.010000
4104,17,True,2,1.070467,0.010000
4105,2,True,5,1.073814,0.010000
4106,25,True,3,1.084093,0.010000
4107,49,True,4,1.098777,0.010000
4108,13,True,5,1.100894,0.010000
4109,39,True,8,0.945654,0.010000
4110,24,True,6,1.032766,0.010000
4111,34,True,6,1.059866,0.010000
4112,24,True,6,1.032766,0.010000
4113,44,True,4,1.095060,0.010000
4114,34,True,6,1.059866,0.010000
4115,8,True,5,1.029549,0.010000
4116,46,True,6,1.225643,0.010000
4117,13,True,5,1.100894,0.010000
4118,7,True,4,0.998982,0.010000
4119,30,True,6,1.070211,0.010000
4120,43,True,6,1.124780,0.010000
4121,8,True,5,1.029549,0.010000
4122,21,True,4,1.117678,0.010000
4123,42,True,3,1.046514,0.010000
4124,33,True,4,1.092254,0.010000
4125,18,True,5,1.050794,0.010000
4126,7,False,6,-1.259922,0.010000
4127,15,True,3,1.053862,0.010000
4128,32,True,2,1.055840,0.010000
4129,37,True,6,1.080396,0.010000
4130,41,True,6,1.147114,0.010000
4131,33,True,4,1.092254,0.010000
4132,21,True,4,1.117678,0.010000
4133,34,True,6,1.059866,0.010000
4134,3,True,5,1.154076,0.010000
4135,26,True,3,1.073613,0.010000
4136,6,True,4,1.096971,0.010000
4137,33,True,4,1.092254,0.010000
4138,30,True,6,1.070211,0.010000
4139,23,True,7,0.847845,0.010000
4140,6,True,4,1.096971,0.010000
4141,15,True,3,1.053862,0.010000
4142,47,True,4,1.126014,0.010000
4143,42,True,3,1.046514,0.010000
4144,43,True,6,1.124780,0.010000
4145,26,True,3,1.073613,0.010000
4146,10,True,3,1.063850,0.010000
4147,6,True,4,1.096971,0.010000
4148,31,True,4,1.069905,0.010000
4149,34,True,6,1.059866,0.010000
4150,16,True,3,1.071668,0.010000
4151,14,True,2,1.067718,0.010000
4152,34,True,6,1.059866,0.010000
4153,34,True,7,1.104114,0.010000
4154,29,True,6,1.079719,0.010000
4155,11,True,2,1.020729,0.010000
4156,29,True,6,1.079719,0.010000
4157,43,True,6,1.124780,0.010000
4158,32,True,2,1.055840,0.010000
4159,48,True,3,1.109004,0.010000
4160,7,True,4,0.998982,0.010000
4161,44,True,4,1.095060,0.010000
4162,46,True,6,1.225643,0.010000
4163,44,True,4,1.095060,0.010000
4164,32,True,2,1.055840,0.010000
4165,35,True,5,1.106081,0.010000
4166,26,True,3,1.073613,0.010000
4167,36,True,1,1.028687,0.010000
4168,16,True,3,1.071668,0.010000
4169,37,True,6,1.080396,0.010000
4170,40,True,5,1.128935,0.010000
4171,35,True,5,1.106081,0.010000
4172,17,True,2,1.070467,0.010000
4173,17,True,2,1.070467,0.010000
4174,45,True,11,1.018203,0.010000
4175,25,True,3,1.084093,0.010000
4176,28,True,7,0.980694,0.010000
4177,34,True,6,1.059866,0.010000
4178,28,True,4,1.113333,0.010000
4179,48,True,3,1.109004,0.010000
4180,23,True,3,1.084862,0.010000
4181,39,True,4,1.100679,0.010000
4182,5,True,4,1.094506,0.010000
4183,41,True,6,1.147114,0.010000
4184,7,True,4,0.998982,0.010000
4185,17,True,2,1.070467,0.010000
4186,12,True,3,1.071419,0.010000
4187,18,True,5,1.050794,0.010000
4188,46,True,6,1.225643,0.010000
4189,38,True,4,1.105579,0.010000
4190,26,True,3,1.073613,0.010000
4191,14,True,2,1.067718,0.010000
4192,10,True,3,1.063850,0.010000
4193,35,True,5,1.106081,0.010000
4194,24,True,6,1.032766,0.010000
4195,27,True,6,1.150846,0.010000
4196,32,True,2,1.055840,0.010000
4197,31,True,4,1.069905,0.010000
4198,9,True,3,1.123711,0.010000
4199,17,True,2,1.070467,0.010000
4200,30,True,6,1.070211,0.010000
4201,25,True,3,1.084093,0.010000
4202,1,True,4,1.096368,0.010000
4203,31,True,4,1.069905,0.010000
4204,4,True,5,1.178257,0.010000
4205,40,True,5,1.128935,0.010000
4206,13,True,5,1.100894,0.010000
4207,32,True,2,1.055840,0.010000
4208,9,True,3,1.123711,0.010000
4209,38,True,4,1.105579,0.010000
4210,12,True,3,1.071419,0.010000
4211,23,True,3,1.084862,0.010000
4212,14,True,2,1.067718,0.010000
4213,13,True,5,1.100894,0.010000
4214,37,True,6,1.080396,0.010000
4215,8,True,5,1.029549,0.010000
4216,36,True,1,1.028687,0.010000
4217,17,True,2,1.070467,0.010000
4218,6,True,4,1.096971,0.010000
4219,28,True,4,1.113333,0.010000
4220,44,True,4,1.095060,0.010000
4221,20,True,1,1.045076,0.010000
4222,4,True,5,1.178257,0.010000
4223,5,True,4,1.094506,0.010000
4224,18,True,5,1.050794,0.010000
4225,38,True,4,1.105579,0.010000
4226,31,True,4,1.069905,0.010000
4227,39,True,4,1.100679,0.010000
4228,43,True,6,1.124780,0.010000
4229,16,True,3,1.071668,0.010000
4230,34,True,6,1.059866,0.010000
4231,8,True,5,1.029549,0.010000
4232,47,True,4,1.126014,0.010000
4233,24,True,8,0.946341,0.010000
4234,7,True,4,0.998982,0.010000
4235,47,True,4,1.126014,0.010000
4236,18,True,5,1.050794,0.010000
4237,18,True,5,1.050794,0.010000
4238,48,True,3,1.109004,0.010000
4239,4,True,5,1.178257,0.010000
4240,27,True,6,1.150846,0.010000
4241,17,True,2,1.070467,0.010000
4242,43,True,6,1.124780,0.010000
4243,20,True,1,1.045076,0.010000
4244,25,True,3,1.084093,0.010000
4245,23,True,3,1.084862,0.010000
4246,21,True,4,1.117678,0.010000
4247,48,True,3,1.109004,0.010000
4248,34,True,6,1.059866,0.010000
4249,40,True,5,1.128935,0.010000
4250,29,True,6,1.079719,0.010000
4251,39,True,4,1.100679,0.010000
4252,6,True,4,1.096971,0.010000
4253,46,True,6,1.080767,0.010000
4254,34,True,6,1.059866,0.010000
4255,36,True,1,1.028687,0.010000
4256,38,True,4,1.105579,0.010000
4257,48,True,3,1.109004,0.010000
4258,18,True,5,1.050794,0.010000
4259,41,True,6,1.147114,0.010000
4260,7,True,4,0.998982,0.010000
4261,42,True,3,1.046514,0.010000
4262,4,True,5,1.178257,0.010000
4263,49,True,4,1.098777,0.010000
4264,48,True,3,1.109004,0.010000
4265,33,True,4,1.092254,0.010000
4266,25,True,3,1.084093,0.010000
4267,7,True,4,0.998982,0.010000
4268,28,True,4,1.113333,0.010000
4269,18,True,5,1.050794,0.010000
4270,3,True,5,1.154076,0.010000
4271,48,True,3,1.109004,0.010000
4272,42,True,3,1.046514,0.010000
4273,8,True,5,1.029549,0.010000
4274,32,True,2,1.055840,0.010000
4275,35,True,5,1.106081,0.010000
4276,21,True,4,1.117678,0.010000
4277,4,True,5,1.178257,0.010000
4278,1,True,4,1.096368,0.010000
4279,23,True,3,1.084862,0.010000
4280,32,True,2,1.055840,0.010000
4281,5,True,4,1.094506,0.010000
4282,36,True,1,1.028687,0.010000
4283,29,True,6,1.079719,0.010000
4284,24,True,6,1.032766,0.010000
4285,40,True,5,1.128935,0.010000
4286,20,True,1,1.045076,0.010000
4287,23,True,3,1.084862,0.010000
4288,45,True,5,1.153215,0.010000
4289,25,True,3,1.084093,0.010000
4290,16,True,3,1.071668,0.010000
4291,16,True,12,0.861009,0.010000
4292,30,True,6,1.070211,0.010000
4293,13,True,5,1.100894,0.010000
4294,24,True,6,1.032766,0.010000
4295,28,True,4,1.113333,0.010000
4296,11,True,2,1.020729,0.010000
4297,24,True,6,1.032766,0.010000
4298,39,True,4,1.100679,0.010000
4299,40,True,5,1.128935,0.010000
4300,35,True,5,1.106081,0.010000
4301,7,True,4,0.998982,0.010000
4302,41,True,6,1.147114,0.010000
4303,42,True,3,1.046514,0.010000
4304,2,True,5,1.073814,0.010000
4305,19,True,7,1.107314,0.010000
4306,29,True,6,1.079719,0.010000
4307,17,True,2,1.070467,0.010000
4308,19,True,7,1.107314,0.010000
4309,36,True,1,1.028687,0.010000
4310,30,True,6,1.070211,0.010000
4311,7,True,4,0.998982,0.010000
4312,16,True,3,1.071668,0.010000
4313,42,True,3,1.046514,0.010000
4314,28,True,4,1.113333,0.010000
4315,36,True,1,1.028687,0.010000
4316,32,True,2,1.055840,0.010000
4317,27,True,6,1.150846,0.010000
4318,25,True,3,1.084093,0.010000
4319,37,True,7,0.950974,0.010000
4320,31,True,4,1.069905,0.010000
4321,1,True,4,1.096368,0.010000
4322,4,True,5,1.178257,0.010000
4323,3,True,5,1.154076,0.010000
4324,1,True,4,1.096368,0.010000
4325,27,True,6,1.150846,0.010000
4326,13,True,5,1.100894,0.010000
4327,13,True,5,1.100894,0.010000
4328,11,True,2,1.020729,0.010000
4329,7,True,4,0.998982,0.010000
4330,39,True,4,1.100679,0.010000
4331,38,True,4,1.105579,0.010000
4332,46,True,6,1.225643,0.010000
4333,7,True,4,0.998982,0.010000
4334,12,True,3,1.071419,0.010000
4335,9,True,3,1.123711,0.010000
4336,50,True,5,1.013782,0.010000
4337,15,True,3,1.053862,0.010000
4338,50,True,4,1.127226,0.010000
4339,27,True,6,1.150846,0.010000
4340,48,True,3,1.109004,0.010000
4341,5,True,4,1.094506,0.010000
4342,50,True,4,1.127226,0.010000
4343,29,True,6,1.079719,0.010000
4344,46,True,6,1.225643,0.010000
4345,3,True,5,1.154076,0.010000
4346,13,True,5,1.100894,0.010000
4347,29,True,6,1.079719,0.010000
4348,29,True,6,1.079719,0.010000
4349,5,True,4,1.094506,0.010000
4350,48,True,3,1.109004,0.010000
4351,2,True,5,1.073814,0.010000
4352,23,True,3,1.084862,0.010000
4353,42,True,3,1.046514,0.010000
4354,32,True,2,1.055840,0.010000
4355,11,True,2,1.020729,0.010000
4356,46,True,6,1.225643,0.010000
4357,11,True,2,1.020729,0.010000
4358,43,True,6,1.124780,0.010000
4359,38,True,4,1.105579,0.010000
4360,43,True,7,1.082683,0.010000
4361,34,True,6,1.059866,0.010000
4362,29,True,6,1.079719,0.010000
4363,1,True,4,1.096368,0.010000
4364,12,True,3,1.071419,0.010000
4365,24,True,6,1.032766,0.010000
4366,22,True,5,1.131678,0.010000
4367,28,True,4,1.113333,0.010000
4368,22,True,5,1.131678,0.010000
4369,41,True,6,1.147114,0.010000
4370,26,True,3,1.073613,0.010000
4371,18,True,5,1.050794,0.010000
4372,27,True,6,1.150846,0.010000
4373,35,True,5,1.106081,0.010000
4374,35,True,5,1.106081,0.010000
4375,37,True,6,1.080396,0.010000
4376,25,True,3,1.084093,0.010000
4377,25,True,3,1.084093,0.010000
4378,19,True,7,1.107314,0.010000
4379,43,True,6,1.124780,0.010000
4380,46,True,6,1.225643,0.010000
4381,44,True,4,1.095060,0.010000
4382,46,True,6,1.225643,0.010000
4383,19,True,7,1.107314,0.010000
4384,27,True,6,1.150846,0.010000
4385,32,True,2,1.055840,0.010000
4386,19,True,7,1.107314,0.010000
4387,44,True,4,1.095060,0.010000
4388,33,True,4,1.092254,0.010000
4389,26,True,3,1.073613,0.010000
4390,49,True,4,1.098777,0.010000
4391,16,True,3,1.071668,0.010000
4392,17,True,2,1.070467,0.010000
4393,8,True,5,1.029549,0.010000
4394,24,True,6,1.032766,0.010000
4395,11,True,2,1.020729,0.010000
4396,10,True,3,1.063850,0.010000
4397,48,True,3,1.109004,0.010000
4398,32,True,2,1.055840,0.010000
4399,27,True,6,1.150846,0.010000
4400,34,True,6,1.059866,0.010000
4401,41,True,6,1.147114,0.010000
4402,46,True,6,1.225643,0.010000
4403,20,True,1,1.045076,0.010000
4404,29,True,6,1.079719,0.010000
4405,45,True,5,1.153215,0.010000
4406,43,True,6,1.124780,0.010000
4407,22,True,5,1.131678,0.010000
4408,17,True,2,1.070467,0.010000
4409,8,True,5,1.029549,0.010000
4410,22,True,5,1.131678,0.010000
4411,1,True,4,1.096368,0.010000
4412,27,True,6,1.150846,0.010000
4413,9,True,3,1.123711,0.010000
4414,49,True,4,1.098777,0.010000
4415,14,True,2,1.067718,0.010000
4416,33,True,4,1.092254,0.010000
4417,9,True,3,1.123711,0.010000
4418,14,True,2,1.067718,0.010000
4419,46,True,6,1.225643,0.010000
4420,22,True,5,1.131678,0.010000
4421,18,True,5,1.050794,0.010000
4422,20,True,1,1.045076,0.010000
4423,4,True,5,1.178257,0.010000
4424,9,True,3,1.123711,0.010000
4425,40,True,5,1.128935,0.010000
4426,26,True,5,0.981348,0.010000
4427,49,True,4,1.098777,0.010000
4428,3,True,10,1.011040,0.010000
4429,24,True,6,1.032766,0.010000
4430,27,True,6,1.150846,0.010000
4431,7,True,4,0.998982,0.010000
4432,19,True,7,1.107314,0.010000
4433,31,True,4,1.069905,0.010000
4434,36,True,1,1.028687,0.010000
4435,10,True,3,1.063850,0.010000
4436,34,True,10,0.846382,0.010000
4437,49,True,5,1.095983,0.010000
4438,26,True,3,1.073613,0.010000
4439,8,True,5,1.029549,0.010000
4440,42,True,3,1.046514,0.010000
4441,23,True,3,1.084862,0.010000
4442,17,True,2,1.070467,0.010000
4443,15,True,3,1.053862,0.010000
4444,6,True,4,1.096971,0.010000
4445,14,True,2,1.067718,0.010000
4446,23,True,3,1.084862,0.010000
4447,20,True,1,1.045076,0.010000
4448,28,True,4,1.113333,0.010000
4449,3,True,5,1.154076,0.010000
4450,43,True,6,1.124780,0.010000
4451,24,True,6,1.032766,0.010000
4452,37,True,6,1.080396,0.010000
4453,36,True,1,1.028687,0.010000
4454,29,True,6,1.079719,0.010000
4455,28,True,4,1.113333,0.010000
4456,25,True,3,1.084093,0.010000
4457,23,True,3,1.084862,0.010000
4458,23,True,3,1.084862,0.010000
4459,1,True,4,1.096368,0.010000
4460,10,True,3,1.063850,0.010000
4461,35,True,5,1.106081,0.010000
4462,22,True,5,1.131678,0.010000
4463,2,True,5,1.073814,0.010000
4464,48,True,3,1.109004,0.010000
4465,39,True,4,1.100679,0.010000
4466,38,True,4,1.105579,0.010000
4467,16,True,3,1.071668,0.010000
4468,39,True,4,1.100679,0.010000
4469,14,True,2,1.067718,0.010000
4470,49,True,4,1.098777,0.010000
4471,17,True,2,1.070467,0.010000
4472,29,True,6,1.079719,0.010000
4473,38,True,4,1.105579,0.010000
4474,29,True,6,1.079719,0.010000
4475,46,True,6,1.225643,0.010000
4476,17,True,2,1.070467,0.010000
4477,47,True,4,1.126014,0.010000
4478,13,True,5,1.100894,0.010000
4479,1,True,4,1.096368,0.010000
4480,31,True,12,0.889450,0.010000
4481,14,True,2,1.067718,0.010000
4482,17,True,2,1.070467,0.010000
4483,29,True,6,1.079719,0.010000
4484,18,True,5,1.050794,0.010000
4485,36,True,1,1.028687,0.010000
4486,15,True,3,1.053862,0.010000
4487,36,True,1,1.028687,0.010000
4488,14,True,2,1.067718,0.010000
4489,3,True,5,1.154076,0.010000
4490,47,True,4,1.126014,0.010000
4491,31,True,3,1.025627,0.010000
4492,16,True,3,1.071668,0.010000
4493,29,True,6,1.079719,0.010000
4494,29,True,6,1.079719,0.010000
4495,3,True,5,1.154076,0.010000
4496,45,True,5,1.153215,0.010000
4497,10,True,3,1.063850,0.010000
4498,3,True,5,1.154076,0.010000
4499,29,True,6,1.079719,0.010000
4500,40,True,5,1.128935,0.010000
4501,38,True,4,1.105579,0.010000
4502,48,True,3,1.109004,0.010000
4503,23,True,3,1.084862,0.010000
4504,37,True,6,1.080396,0.010000
4505,3,True,5,1.154076,0.010000
4506,34,True,6,1.059866,0.010000
4507,38,True,4,1.105579,0.010000
4508,28,True,4,1.113333,0.010000
4509,50,True,4,1.127226,0.010000
4510,44,True,4,1.095060,0.010000
4511,12,True,3,1.071419,0.010000
4512,24,True,6,1.032766,0.010000
4513,4,True,5,1.178257,0.010000
4514,48,True,3,1.109004,0.010000
4515,43,True,6,1.124780,0.010000
4516,33,True,4,1.092254,0.010000
4517,24,True,6,1.032766,0.010000
4518,39,True,4,1.100679,0.010000
4519,34,True,6,1.059866,0.010000
4520,8,True,5,1.029549,0.010000
4521,19,True,7,1.107314,0.010000
4522,12,True,3,1.071419,0.010000
4523,4,True,5,1.178257,0.010000
4524,7,True,4,0.998982,0.010000
4525,32,True,2,1.055840,0.010000
4526,18,True,5,1.050794,0.010000
4527,9,True,3,1.123711,0.010000
4528,20,True,1,1.045076,0.010000
4529,25,True,3,1.084093,0.010000
4530,44,True,4,1.095060,0.010000
4531,34,True,6,1.059866,0.010000
4532,40,True,5,1.128935,0.010000
4533,18,True,5,1.050794,0.010000
4534,4,True,5,1.178257,0.010000
4535,36,True,1,1.028687,0.010000
4536,15,True,3,1.053862,0.010000
4537,35,True,6,1.033576,0.010000
4538,29,True,6,1.079719,0.010000
4539,34,True,6,1.059866,0.010000
4540,16,True,3,1.071668,0.010000
4541,20,True,1,1.045076,0.010000
4542,26,True,3,1.073613,0.010000
4543,15,True,3,1.053862,0.010000
4544,19,True,7,1.107314,0.010000
4545,44,True,4,1.095060,0.010000
4546,34,True,6,1.059866,0.010000
4547,1,True,4,1.096368,0.010000
4548,30,True,6,1.070211,0.010000
4549,28,True,4,1.113333,0.010000
4550,29,True,6,1.079719,0.010000
4551,5,True,4,1.094506,0.010000
4552,17,True,2,1.070467,0.010000
4553,19,True,7,1.107314,0.010000
4554,39,True,4,1.100679,0.010000
4555,22,True,5,1.131678,0.010000
4556,32,True,2,1.055840,0.010000
4557,33,True,4,1.092254,0.010000
4558,44,True,4,1.095060,0.010000
4559,49,True,4,1.098777,0.010000
4560,40,True,5,1.128935,0.010000
4561,1,True,4,1.096368,0.010000
4562,36,True,1,1.028687,0.010000
4563,17,True,2,1.070467,0.010000
4564,50,True,4,1.127226,0.010000
4565,16,True,3,1.071668,0.010000
4566,49,True,4,1.098777,0.010000
4567,44,True,4,1.095060,0.010000
4568,25,True,3,1.084093,0.010000
4569,39,True,4,1.100679,0.010000
4570,49,True,4,1.098777,0.010000
4571,31,True,4,1.069905,0.010000
4572,24,True,6,1.032766,0.010000
4573,41,True,6,1.147114,0.010000
4574,43,True,6,1.124780,0.010000
4575,41,True,6,1.147114,0.010000
4576,50,True,4,1.127226,0.010000
4577,8,True,5,1.029549,0.010000
4578,9,True,3,1.123711,0.010000
4579,18,True,5,1.050794,0.010000
4580,35,True,5,1.106081,0.010000
4581,11,True,2,1.020729,0.010000
4582,19,True,7,1.107314,0.010000
4583,9,True,3,1.123711,0.010000
4584,8,True,5,1.029549,0.010000
4585,5,True,4,1.094506,0.010000
4586,31,True,4,1.069905,0.010000
4587,30,True,6,1.070211,0.010000
4588,47,True,4,1.126014,0.010000
4589,48,True,3,1.109004,0.010000
4590,50,True,4,1.127226,0.010000
4591,2,True,5,0.921760,0.010000
4592,46,True,6,1.225643,0.010000
4593,41,True,6,1.147114,0.010000
4594,35,True,5,1.106081,0.010000
4595,7,True,4,0.998982,0.010000
4596,44,True,4,1.095060,0.010000
4597,34,True,6,1.059866,0.010000
4598,31,True,4,1.069905,0.010000
4599,34,True,6,1.059866,0.010000
4600,13,True,5,1.100894,0.010000
4601,46,True,6,1.225643,0.010000
4602,7,True,4,0.998982,0.010000
4603,23,True,3,1.084862,0.010000
4604,10,True,3,1.063850,0.010000
4605,5,True,4,1.094506,0.010000
4606,6,True,4,1.096971,0.010000
4607,2,True,5,1.073814,0.010000
4608,27,True,6,1.150846,0.010000
4609,30,True,6,1.070211,0.010000
4610,9,True,3,1.123711,0.010000
4611,38,True,4,1.105579,0.010000
4612,17,True,2,1.070467,0.010000
4613,31,True,4,1.069905,0.010000
4614,26,True,3,1.073613,0.010000
4615,48,True,3,1.109004,0.010000
4616,20,True,1,1.045076,0.010000
4617,34,True,6,1.059866,0.010000
4618,21,True,3,1.122382,0.010000
4619,23,True,3,1.084862,0.010000
4620,32,True,2,1.055840,0.010000
4621,8,True,5,1.029549,0.010000
4622,35,True,5,1.106081,0.010000
4623,16,True,3,1.071668,0.010000
4624,17,True,2,1.070467,0.010000
4625,19,True,7,1.107314,0.010000
4626,30,True,6,1.070211,0.010000
4627,44,True,4,1.095060,0.010000
4628,49,True,4,1.098777,0.010000
4629,21,True,4,1.117678,0.010000
4630,41,True,6,1.147114,0.010000
4631,1,True,4,1.096368,0.010000
4632,1,True,5,1.058899,0.010000
4633,41,True,6,1.147114,0.010000
4634,11,True,2,1.020729,0.010000
4635,11,True,2,1.020729,0.010000
4636,38,True,4,1.105579,0.010000
4637,45,True,5,1.153215,0.010000
4638,13,True,5,1.100894,0.010000
4639,16,True,3,1.071668,0.010000
4640,17,True,2,1.070467,0.010000
4641,28,True,4,1.113333,0.010000
4642,38,True,4,1.105579,0.010000
4643,37,True,6,1.080396,0.010000
4644,31,True,4,1.069905,0.010000
4645,3,True,5,1.154076,0.010000
4646,4,True,5,1.178257,0.010000
4647,29,True,6,1.079719,0.010000
4648,1,True,4,1.096368,0.010000
4649,19,True,8,1.110023,0.010000
4650,31,True,4,1.069905,0.010000
4651,44,True,4,1.095060,0.010000
4652,3,True,5,1.154076,0.010000
4653,3,True,5,1.154076,0.010000
4654,36,True,1,1.028687,0.010000
4655,33,True,4,1.092254,0.010000
4656,33,True,4,1.092254,0.010000
4657,33,True,4,1.092254,0.010000
4658,4,True,5,1.178257,0.010000
4659,9,True,3,1.123711,0.010000
4660,45,True,5,1.153215,0.010000
4661,42,True,3,1.046514,0.010000
4662,35,True,5,1.106081,0.010000
4663,42,True,3,1.046514,0.010000
4664,47,True,4,1.126014,0.010000
4665,25,True,3,1.084093,0.010000
4666,39,True,4,1.100679,0.010000
4667,41,True,6,1.147114,0.010000
4668,20,True,1,1.045076,0.010000
4669,34,True,6,1.059866,0.010000
4670,21,True,4,1.117678,0.010000
4671,20,True,1,1.045076,0.010000
4672,22,True,5,1.131678,0.010000
4673,3,True,5,1.154076,0.010000
4674,49,True,4,1.098777,0.010000
4675,48,True,3,1.109004,0.010000
4676,50,True,4,1.127226,0.010000
4677,39,True,4,1.100679,0.010000
4678,17,True,2,1.070467,0.010000
4679,3,True,5,1.154076,0.010000
4680,1,True,4,1.096368,0.010000
4681,46,True,6,1.225643,0.010000
4682,23,True,3,1.084862,0.010000
4683,3,True,5,1.154076,0.010000
4684,10,True,3,1.063850,0.010000
4685,16,True,3,1.071668,0.010000
4686,1,True,4,1.096368,0.010000
4687,49,True,4,1.098777,0.010000
4688,38,True,4,1.105579,0.010000
4689,38,True,4,1.105579,0.010000
4690,34,True,7,1.104114,0.010000
4691,21,True,4,1.117678,0.010000
4692,42,True,3,1.046514,0.010000
4693,11,True,2,1.020729,0.010000
4694,16,True,3,1.071668,0.010000
4695,28,True,4,1.113333,0.010000
4696,22,True,5,1.131678,0.010000
4697,14,True,2,1.067718,0.010000
4698,18,True,6,1.049371,0.010000
4699,45,True,5,1.153215,0.010000
4700,17,True,2,1.070467,0.010000
4701,37,True,6,1.080396,0.010000
4702,27,True,6,1.150846,0.010000
4703,42,True,3,1.046514,0.010000
4704,32,True,2,1.055840,0.010000
4705,28,True,4,1.113333,0.010000
4706,19,True,7,1.107314,0.010000
4707,11,True,2,1.020729,0.010000
4708,13,True,5,1.100894,0.010000
4709,44,True,4,1.095060,0.010000
4710,5,True,4,1.094506,0.010000
4711,25,True,3,1.084093,0.010000
4712,45,True,5,1.153215,0.010000
4713,13,True,5,1.100894,0.010000
4714,22,True,5,1.131678,0.010000
4715,23,True,3,1.084862,0.010000
4716,1,True,6,1.057114,0.010000
4717,11,True,2,1.020729,0.010000
4718,48,True,3,1.109004,0.010000
4719,37,True,6,1.080396,0.010000
4720,8,True,5,1.029549,0.010000
4721,28,True,4,1.113333,0.010000
4722,37,True,6,1.080396,0.010000
4723,2,True,5,1.073814,0.010000
4724,4,True,5,1.178257,0.010000
4725,22,True,5,1.131678,0.010000
4726,11,True,2,1.020729,0.010000
4727,18,True,5,1.050794,0.010000
4728,33,True,4,1.092254,0.010000
4729,47,True,4,1.126014,0.010000
4730,9,True,3,1.123711,0.010000
4731,38,True,4,1.105579,0.010000
4732,37,True,6,1.080396,0.010000
4733,43,True,6,1.124780,0.010000
4734,25,True,3,1.084093,0.010000
4735,8,True,5,1.029549,0.010000
4736,30,True,6,1.070211,0.010000
4737,12,True,3,1.071419,0.010000
4738,40,True,5,1.128935,0.010000
4739,12,True,3,1.071419,0.010000
4740,5,True,4,1.094506,0.010000
4741,20,True,1,1.045076,0.010000
4742,47,True,4,1.126014,0.010000
4743,3,True,5,1.154076,0.010000
4744,39,True,4,1.100679,0.010000
4745,43,True,6,1.124780,0.010000
4746,17,True,2,1.070467,0.010000
4747,10,True,3,1.063850,0.010000
4748,41,True,6,1.147114,0.010000
4749,45,True,5,1.153215,0.010000
4750,43,True,6,1.124780,0.010000
4751,46,True,6,1.225643,0.010000
4752,6,True,4,1.096971,0.010000
4753,47,True,4,1.126014,0.010000
4754,50,True,4,1.127226,0.010000
4755,48,True,3,1.109004,0.010000
4756,2,True,5,1.073814,0.010000
4757,28,True,5,1.058164,0.010000
4758,44,True,4,1.095060,0.010000
4759,28,True,4,1.113333,0.010000
4760,5,True,4,1.094506,0.010000
4761,38,True,4,1.105579,0.010000
4762,40,True,5,1.128935,0.010000
4763,28,True,4,1.113333,0.010000
4764,48,True,3,1.109004,0.010000
4765,12,True,3,1.071419,0.010000
4766,3,True,5,1.154076,0.010000
4767,24,True,6,1.032766,0.010000
4768,35,True,6,1.043800,0.010000
4769,17,True,2,1.070467,0.010000
4770,37,True,6,1.080396,0.010000
4771,39,True,4,1.100679,0.010000
4772,42,True,3,1.046514,0.010000
4773,2,True,5,1.073814,0.010000
4774,23,True,3,1.084862,0.010000
4775,17,True,2,1.070467,0.010000
4776,18,True,5,1.050794,0.010000
4777,20,True,1,1.045076,0.010000
4778,43,True,6,1.124780,0.010000
4779,39,True,4,1.100679,0.010000
4780,46,True,6,1.225643,0.010000
4781,8,True,5,1.029549,0.010000
4782,21,True,4,1.117678,0.010000
4783,24,True,6,1.032766,0.010000
4784,37,True,6,1.080396,0.010000
4785,19,True,7,1.107314,0.010000
4786,2,True,5,1.073814,0.010000
4787,5,True,4,1.094506,0.010000
4788,12,True,3,1.071419,0.010000
4789,33,True,4,1.092254,0.010000
4790,10,True,3,1.063850,0.010000
4791,3,True,5,1.154076,0.010000
4792,22,True,7,1.094474,0.010000
4793,17,True,2,1.070467,0.010000
4794,28,True,4,1.113333,0.010000
4795,45,True,5,1.153215,0.010000
4796,13,True,5,1.100894,0.010000
4797,2,True,5,1.073814,0.010000
4798,9,True,3,1.123711,0.010000
4799,22,True,5,1.131678,0.010000
4800,50,True,4,1.127226,0.010000
4801,37,True,6,1.080396,0.010000
4802,38,True,4,1.105579,0.010000
4803,41,True,6,1.147114,0.010000
4804,40,True,5,1.128935,0.010000
4805,33,True,4,1.092254,0.010000
4806,18,True,5,1.050794,0.010000
4807,18,True,5,1.050794,0.010000
4808,33,True,4,1.092254,0.010000
4809,32,True,2,1.055840,0.010000
4810,8,True,5,1.029549,0.010000
4811,14,True,2,1.067718,0.010000
4812,48,True,3,1.109004,0.010000
4813,5,True,4,1.094506,0.010000
4814,48,True,3,1.109004,0.010000
4815,12,True,3,1.071419,0.010000
4816,9,True,3,1.123711,0.010000
4817,7,True,4,0.998982,0.010000
4818,22,True,5,1.131678,0.010000
4819,40,True,5,1.128935,0.010000
4820,5,True,4,1.094506,0.010000
4821,6,True,4,1.096971,0.010000
4822,8,True,5,1.029549,0.010000
4823,1,True,4,1.096368,0.010000
4824,22,True,5,1.131678,0.010000
4825,7,True,5,0.973904,0.010000
4826,18,True,5,1.050794,0.010000
4827,28,True,4,1.113333,0.010000
4828,2,True,5,1.073814,0.010000
4829,18,True,5,1.050794,0.010000
4830,14,True,2,1.067718,0.010000
4831,35,True,5,1.106081,0.010000
4832,14,True,2,1.067718,0.010000
4833,7,True,4,0.998982,0.010000
4834,6,True,4,1.096971,0.010000
4835,1,True,4,1.096368,0.010000
4836,8,True,5,1.029549,0.010000
4837,8,True,5,1.029549,0.010000
4838,39,True,4,1.100679,0.010000
4839,21,True,4,1.117678,0.010000
4840,26,True,3,1.073613,0.010000
4841,7,True,4,0.998982,0.010000
4842,19,True,11,1.095962,0.010000
4843,20,True,1,1.045076,0.010000
4844,20,True,1,1.045076,0.010000
4845,3,True,5,1.154076,0.010000
4846,3,True,5,1.154076,0.010000
4847,33,True,4,1.092254,0.010000
4848,10,True,3,1.063850,0.010000
4849,17,True,2,1.070467,0.010000
4850,38,True,4,1.105579,0.010000
4851,13,True,5,1.100894,0.010000
4852,34,True,6,1.059866,0.010000
4853,18,True,10,0.895529,0.010000
4854,1,True,4,1.096368,0.010000
4855,10,True,3,1.063850,0.010000
4856,43,True,6,1.124780,0.010000
4857,8,True,5,1.029549,0.010000
4858,44,True,4,1.095060,0.010000
4859,34,True,8,0.884839,0.010000
4860,42,True,3,1.046514,0.010000
4861,7,True,4,0.998982,0.010000
4862,43,True,6,1.124780,0.010000
4863,28,True,4,1.113333,0.010000
4864,12,True,3,1.071419,0.010000
4865,48,True,3,1.109004,0.010000
4866,38,True,4,1.105579,0.010000
4867,31,True,4,1.069905,0.010000
4868,43,True,6,1.124780,0.010000
4869,3,True,5,1.154076,0.010000
4870,9,True,3,1.123711,0.010000
4871,5,True,4,1.094506,0.010000
4872,12,True,3,1.071419,0.010000
4873,24,True,6,1.032766,0.010000
4874,40,True,5,1.128935,0.010000
4875,5,True,4,1.094506,0.010000
4876,29,True,6,1.079719,0.010000
4877,32,True,2,1.055840,0.010000
4878,3,True,5,1.154076,0.010000
4879,37,True,6,1.080396,0.010000
4880,28,True,4,1.113333,0.010000
4881,32,True,2,1.055840,0.010000
4882,8,True,5,1.029549,0.010000
4883,1,True,4,1.096368,0.010000
4884,46,True,6,1.225643,0.010000
4885,41,True,6,1.147114,0.010000
4886,15,True,3,1.053862,0.010000
4887,20,True,1,1.045076,0.010000
4888,48,True,3,1.109004,0.010000
4889,48,True,3,1.109004,0.010000
4890,19,True,7,1.107314,0.010000
4891,21,True,4,1.117678,0.010000
4892,22,True,5,1.131678,0.010000
4893,41,True,6,1.147114,0.010000
4894,12,True,3,1.071419,0.010000
4895,25,True,3,1.084093,0.010000
4896,21,True,4,1.117678,0.010000
4897,42,True,3,1.046514,0.010000
4898,10,True,3,1.063850,0.010000
4899,18,True,5,1.050794,0.010000
4900,47,True,4,1.126014,0.010000
4901,3,True,5,1.154076,0.010000
4902,24,True,6,1.032766,0.010000
4903,18,True,5,1.050794,0.010000
4904,3,True,5,1.154076,0.010000
4905,8,True,5,1.029549,0.010000
4906,23,True,3,1.084862,0.010000
4907,12,True,3,1.071419,0.010000
4908,30,True,6,1.070211,0.010000
4909,35,True,5,1.106081,0.010000
4910,8,True,5,1.029549,0.010000
4911,10,True,3,1.063850,0.010000
4912,26,True,3,1.073613,0.010000
4913,3,True,5,1.154076,0.010000
4914,9,True,3,1.123711,0.010000
4915,20,True,1,1.045076,0.010000
4916,48,True,3,1.109004,0.010000
4917,40,True,5,1.128935,0.010000
4918,3,True,5,1.154076,0.010000
4919,12,True,3,1.071419,0.010000
4920,1,True,4,1.096368,0.010000
4921,49,True,4,1.098777,0.010000
4922,5,True,4,1.094506,0.010000
4923,38,True,4,1.105579,0.010000
4924,35,True,5,1.106081,0.010000
4925,11,True,2,1.020729,0.010000
4926,34,True,6,1.059866,0.010000
4927,31,True,4,1.069905,0.010000
4928,34,True,6,1.059866,0.010000
4929,32,True,2,1.055840,0.010000
4930,43,True,6,1.124780,0.010000
4931,14,True,2,1.067718,0.010000
4932,32,True,2,1.055840,0.010000
4933,44,True,4,1.095060,0.010000
4934,40,True,5,1.128935,0.010000
4935,40,True,5,1.128935,0.010000
4936,17,True,2,1.070467,0.010000
4937,29,True,6,1.079719,0.010000
4938,45,True,5,1.153215,0.010000
4939,50,True,4,1.127226,0.010000
4940,6,True,4,1.096971,0.010000
4941,38,True,4,1.105579,0.010000
4942,30,True,6,1.070211,0.010000
4943,9,True,3,1.123711,0.010000
4944,35,True,5,1.106081,0.010000
4945,5,True,4,1.094506,0.010000
4946,39,True,4,1.100679,0.010000
4947,18,True,5,1.050794,0.010000
4948,10,True,3,1.063850,0.010000
4949,32,True,2,1.055840,0.010000
4950,10,True,3,1.063850,0.010000
4951,46,True,6,1.225643,0.010000
4952,3,True,5,1.154076,0.010000
4953,21,True,4,1.117678,0.010000
4954,15,True,3,1.053862,0.010000
4955,15,True,3,1.053862,0.010000
4956,45,True,5,1.153215,0.010000
4957,35,True,5,1.106081,0.010000
4958,12,True,3,1.071419,0.010000
4959,37,True,6,1.080396,0.010000
4960,21,True,4,1.117678,0.010000
4961,27,True,6,1.150846,0.010000
4962,31,True,4,1.069905,0.010000
4963,39,True,4,1.100679,0.010000
4964,1,True,4,1.096368,0.010000
4965,4,True,5,1.178257,0.010000
4966,21,True,4,1.117678,0.010000
4967,39,True,4,1.100679,0.010000
4968,17,True,2,1.070467,0.010000
4969,46,True,6,1.225643,0.010000
4970,38,True,4,1.105579,0.010000
4971,14,True,2,1.067718,0.010000
4972,13,True,5,1.100894,0.010000
4973,35,True,5,1.106081,0.010000
4974,33,True,4,1.092254,0.010000
4975,12,True,3,1.071419,0.010000
4976,24,True,6,1.032766,0.010000
4977,33,True,4,1.092254,0.010000
4978,46,True,6,1.225643,0.010000
4979,17,True,2,1.070467,0.010000
4980,47,True,4,1.126014,0.010000
4981,36,True,1,1.028687,0.010000
4982,32,True,2,1.055840,0.010000
4983,11,True,2,1.020729,0.010000
4984,2,True,5,1.073814,0.010000
4985,37,True,6,1.080396,0.010000
4986,2,True,5,1.073814,0.010000
4987,37,True,6,1.080396,0.010000
4988,20,True,1,1.045076,0.010000
4989,12,True,3,1.071419,0.010000
4990,31,True,4,1.069905,0.010000
4991,19,True,7,1.107314,0.010000
4992,36,True,1,1.028687,0.010000
4993,36,True,1,1.028687,0.010000
4994,14,True,2,1.067718,0.010000
4995,43,True,6,1.124780,0.010000
4996,32,True,2,1.055840,0.010000
4997,49,True,4,1.098777,0.010000
4998,41,True,6,1.147114,0.010000
4999,30,True,6,1.070211,0.010000
5000,1,True,4,1.096368,0.010000
